GlobalRank,Domain
1,google.com
2,facebook.com
3,youtube.com
4,twitter.com
5,instagram.com
6,linkedin.com
7,apple.com
8,microsoft.com
9,wikipedia.org
10,wordpress.org
11,googletagmanager.com
12,youtu.be
13,en.wikipedia.org
14,pinterest.com
15,play.google.com
16,vimeo.com
17,plus.google.com
18,maps.google.com
19,goo.gl
20,github.com
21,bit.ly
22,adobe.com
23,wordpress.com
24,docs.google.com
25,blogspot.com
26,itunes.apple.com
27,player.vimeo.com
28,amazon.com
29,macromedia.com
30,mozilla.org
31,drive.google.com
32,download.macromedia.com
33,apps.apple.com
34,yahoo.com
35,support.google.com
36,tumblr.com
37,whatsapp.com
38,europa.eu
39,flickr.com
40,gravatar.com
41,reddit.com
42,qq.com
43,nih.gov
44,api.whatsapp.com
45,nytimes.com
46,amazonaws.com
47,apache.org
48,sites.google.com
49,policies.google.com
50,soundcloud.com
51,github.io
52,w3.org
53,forbes.com
54,medium.com
55,t.co
56,ec.europa.eu
57,zoom.us
58,baidu.com
59,forms.gle
60,www.ncbi.nlm.nih.gov
61,spotify.com
62,miit.gov.cn
63,archive.org
64,sourceforge.net
65,theguardian.com
66,creativecommons.org
67,cnn.com
68,dropbox.com
69,who.int
70,wixsite.com
71,bbc.co.uk
72,beian.miit.gov.cn
73,paypal.com
74,vk.com
75,open.spotify.com
76,cloudflare.com
77,t.me
78,issuu.com
79,weebly.com
80,cdc.gov
81,l.facebook.com
82,bbc.com
83,wa.me
84,tinyurl.com
85,sciencedirect.com
86,reuters.com
87,httpd.apache.org
88,washingtonpost.com
89,youtube-nocookie.com
90,oracle.com
91,opera.com
92,web.archive.org
93,imdb.com
94,harvard.edu
95,bloomberg.com
96,wsj.com
97,php.net
98,wikimedia.org
99,mit.edu
100,weibo.com
101,businessinsider.com
102,office.com
103,msn.com
104,wp.com
105,wiley.com
106,nginx.org
107,gnu.org
108,doi.org
109,bing.com
110,accounts.google.com
111,nature.com
112,un.org
113,stanford.edu
114,ibm.com
115,list-manage.com
116,nginx.com
117,slideshare.net
118,researchgate.net
119,tiktok.com
120,wpa.qq.com
121,live.com
122,springer.com
123,go.com
124,wix.com
125,nasa.gov
126,cpanel.net
127,telegraph.co.uk
128,cnbc.com
129,windows.microsoft.com
130,time.com
131,dailymail.co.uk
132,usatoday.com
133,eventbrite.com
134,www.gov.uk
135,cnet.com
136,onlinelibrary.wiley.com
137,ted.com
138,npr.org
139,surveymonkey.com
140,chrome.google.com
141,outlook.com
142,addtoany.com
143,cloudfront.net
144,ebay.com
145,cpanel.com
146,wired.com
147,mp.weixin.qq.com
148,myspace.com
149,blogger.com
150,i0.wp.com
151,g.page
152,bp.blogspot.com
153,validator.w3.org
154,amzn.to
155,aol.com
156,hp.com
157,huffingtonpost.com
158,mysql.com
159,loc.gov
160,berkeley.edu
161,independent.co.uk
162,commons.wikimedia.org
163,googleusercontent.com
164,techcrunch.com
165,gc.ca
166,us02web.zoom.us
167,etsy.com
168,unsplash.com
169,statista.com
170,latimes.com
171,ft.com
172,beian.gov.cn
173,yelp.com
174,debian.org
175,imgur.com
176,amazon.co.uk
177,behance.net
178,themeforest.net
179,prnewswire.com
180,shopify.com
181,ietf.org
182,free.fr
183,washington.edu
184,dailymotion.com
185,twitch.tv
186,theverge.com
187,nationalgeographic.com
188,sitemaps.org
189,cornell.edu
190,webmd.com
191,fda.gov
192,sina.com.cn
193,ca.gov
194,cbsnews.com
195,mailchimp.com
196,stackoverflow.com
197,youku.com
198,goodreads.com
199,aboutads.info
200,theatlantic.com
201,arnebrachhold.de
202,oup.com
203,s3.amazonaws.com
204,tandfonline.com
205,tripadvisor.com
206,bitly.com
207,squarespace.com
208,samsung.com
209,kickstarter.com
210,i1.wp.com
211,scribd.com
212,princeton.edu
213,baike.baidu.com
214,livejournal.com
215,mailchi.mp
216,huffpost.com
217,google.de
218,fb.com
219,sagepub.com
220,skype.com
221,nbcnews.com
222,google.co.uk
223,launchpad.net
224,jimdo.com
225,unesco.org
226,business.site
227,hubspot.com
228,hbr.org
229,line.me
230,myshopify.com
231,networkadvertising.org
232,statcounter.com
233,allaboutcookies.org
234,whitehouse.gov
235,akismet.com
236,usda.gov
237,bandcamp.com
238,ptinews.com
239,taobao.com
240,change.org
241,usnews.com
242,marriott.com
243,businesswire.com
244,1.bp.blogspot.com
245,telegram.me
246,netflix.com
247,in.ua
248,economist.com
249,epa.gov
250,typepad.com
251,quora.com
252,pixabay.com
253,about.com
254,foxnews.com
255,sciencemag.org
256,digg.com
257,163.com
258,fb.me
259,investopedia.com
260,xinhuanet.com
261,domainmarket.com
262,britannica.com
263,booking.com
264,pbs.org
265,hugedomains.com
266,cambridge.org
267,worldbank.org
268,linktr.ee
269,tools.ietf.org
270,iso.org
271,www.beian.miit.gov.cn
272,buzzfeed.com
273,columbia.edu
274,redhat.com
275,v.qq.com
276,umich.edu
277,de.wikipedia.org
278,eepurl.com
279,healthline.com
280,zdnet.com
281,indiatimes.com
282,translate.google.com
283,state.gov
284,deviantart.com
285,sciencedaily.com
286,mayoclinic.org
287,marketwatch.com
288,yale.edu
289,arcgis.com
290,noaa.gov
291,feedburner.com
292,vice.com
293,mashable.com
294,zendesk.com
295,psu.edu
296,cisco.com
297,giphy.com
298,bmj.com
299,academic.oup.com
300,web.facebook.com
301,psychologytoday.com
302,cbc.ca
303,academia.edu
304,upenn.edu
305,gouv.fr
306,plos.org
307,vox.com
308,groups.google.com
309,dribbble.com
310,wikihow.com
311,ox.ac.uk
312,intel.com
313,weforum.org
314,theconversation.com
315,yandex.ru
316,stumbleupon.com
317,fortune.com
318,sohu.com
319,addthis.com
320,deloitte.com
321,nypost.com
322,3.bp.blogspot.com
323,fastcompany.com
324,2.bp.blogspot.com
325,abc.net.au
326,4.bp.blogspot.com
327,gofundme.com
328,android.com
329,discord.gg
330,sun.com
331,wisc.edu
332,newyorker.com
333,wpengine.com
334,ieee.org
335,biomedcentral.com
336,youronlinechoices.com
337,disqus.com
338,godaddy.com
339,webs.com
340,example.com
341,sharepoint.com
342,fandom.com
343,tripod.com
344,inc.com
345,umn.edu
346,alibaba.com
347,apa.org
348,mckinsey.com
349,oreilly.com
350,geocities.com
351,engadget.com
352,constantcontact.com
353,uci.edu
354,trustpilot.com
355,or.kr
356,feeds.feedburner.com
357,apnews.com
358,entrepreneur.com
359,oecd.org
360,elsevier.com
361,plesk.com
362,jhu.edu
363,gizmodo.com
364,guardian.co.uk
365,dell.com
366,pewresearch.org
367,arxiv.org
368,typeform.com
369,steampowered.com
370,newsweek.com
371,cam.ac.uk
372,amazon.de
373,web.whatsapp.com
374,scientificamerican.com
375,jotform.com
376,ubuntu.com
377,calendly.com
378,indeed.com
379,merriam-webster.com
380,meetup.com
381,ftc.gov
382,ucla.edu
383,dw.com
384,dev.mysql.com
385,elegantthemes.com
386,intuit.com
387,thelancet.com
388,aboutcookies.org
389,canva.com
390,nps.gov
391,irs.gov
392,fao.org
393,cmu.edu
394,patreon.com
395,scholar.google.com
396,people.com.cn
397,pnas.org
398,uk.com
399,utexas.edu
400,jigsaw.w3.org
401,xing.com
402,salesforce.com
403,doubleclick.net
404,ed.gov
405,azurewebsites.net
406,bbb.org
407,openstreetmap.org
408,uchicago.edu
409,si.edu
410,yahoo.co.jp
411,photobucket.com
412,mdpi.com
413,bizjournals.com
414,python.org
415,pexels.com
416,sfgate.com
417,slate.com
418,chicagotribune.com
419,arstechnica.com
420,vkontakte.ru
421,house.gov
422,gotowebinar.com
423,indiegogo.com
424,trello.com
425,fc2.com
426,google.ca
427,science.org
428,jstor.org
429,walmart.com
430,wiktionary.org
431,readthedocs.io
432,frontiersin.org
433,aliyun.com
434,qz.com
435,jamanetwork.com
436,gitlab.com
437,wikia.com
438,docker.com
439,box.com
440,miitbeian.gov.cn
441,ikea.com
442,appspot.com
443,go.id
444,anchor.fm
445,census.gov
446,livescience.com
447,getpocket.com
448,gartner.com
449,hilton.com
450,medicalnewstoday.com
451,uiuc.edu
452,thesun.co.uk
453,bls.gov
454,googleapis.com
455,mirror.co.uk
456,fb.watch
457,acs.org
458,bilibili.com
459,usgs.gov
460,kiev.ua
461,aliexpress.com
462,howstuffworks.com
463,force.com
464,senate.gov
465,hhs.gov
466,cbslocal.com
467,stripe.com
468,wp.me
469,huawei.com
470,barnesandnoble.com
471,qc.ca
472,purdue.edu
473,on.ca
474,usc.edu
475,altervista.org
476,go.th
477,google.co.jp
478,evernote.com
479,nyu.edu
480,unicef.org
481,rt.com
482,variety.com
483,nist.gov
484,globenewswire.com
485,discord.com
486,withgoogle.com
487,aljazeera.com
488,teamviewer.com
489,smh.com.au
490,coursera.org
491,gob.mx
492,googleblog.com
493,stackexchange.com
494,thetimes.co.uk
495,rollingstone.com
496,govt.nz
497,nejm.org
498,espn.com
499,microsoftonline.com
500,pcmag.com
501,sec.gov
502,politico.com
503,netscape.com
504,m.me
505,nvidia.com
506,elpais.com
507,eff.org
508,amazon.co.jp
509,spiegel.de
510,freepik.com
511,cdn.shopify.com
512,postgresql.org
513,msu.edu
514,matterport.com
515,slack.com
516,venturebeat.com
517,w3schools.com
518,bitnami.com
519,itu.int
520,mitre.org
521,so.com
522,duke.edu
523,us.com
524,airbnb.com
525,canada.ca
526,mystrikingly.com
527,shutterstock.com
528,www.nhs.uk
529,trainardeche.fr
530,ucsd.edu
531,enable-javascript.com
532,billetterie.trainardeche.fr
533,ufl.edu
534,history.com
535,proofpoint.com
536,widgets.wp.com
537,google.es
538,nydailynews.com
539,scmp.com
540,timeanddate.com
541,dot.gov
542,perfectdomain.com
543,vmware.com
544,google.fr
545,mediafire.com
546,google.it
547,hatena.ne.jp
548,theglobeandmail.com
549,ssrn.com
550,blogspot.co.uk
551,umd.edu
552,amazon-adsystem.com
553,chinadaily.com.cn
554,ny.gov
555,sky.com
556,unc.edu
557,express.co.uk
558,kernel.org
559,mixcloud.com
560,automattic.com
561,newscientist.com
562,hollywoodreporter.com
563,about.me
564,service.gov.uk
565,moodle.org
566,slashdot.org
567,arizona.edu
568,techtarget.com
569,earthlink.net
570,thehill.com
571,ning.com
572,parallels.com
573,jd.com
574,thoughtco.com
575,illinois.edu
576,ok.ru
577,cutt.ly
578,northwestern.edu
579,privacyshield.gov
580,instructables.com
581,chron.com
582,admin.ch
583,justice.gov
584,java.com
585,windows.net
586,themeisle.com
587,gallup.com
588,archives.gov
589,utoronto.ca
590,openssl.org
591,news.com.au
592,lifehacker.com
593,vic.gov.au
594,drupal.org
595,nike.com
596,pwc.com
597,news.google.com
598,today.com
599,weather.com
600,sakura.ne.jp
601,techradar.com
602,smithsonianmag.com
603,freebsd.org
604,metro.co.uk
605,ucdavis.edu
606,getbootstrap.com
607,fcc.gov
608,naver.com
609,libsyn.com
610,phys.org
611,siemens.com
612,joomla.org
613,udemy.com
614,angelfire.com
615,webex.com
616,over-blog.com
617,lww.com
618,nikkei.com
619,fbcdn.net
620,asu.edu
621,miibeian.gov.cn
622,prezi.com
623,iana.org
624,nymag.com
625,foursquare.com
626,mozilla.com
627,acm.org
628,woocommerce.com
629,support.plesk.com
630,thedailybeast.com
631,thenai.org
632,congress.gov
633,jquery.com
634,treasury.gov
635,playstation.com
636,technologyreview.com
637,apachefriends.org
638,lemonde.fr
639,digitaltrends.com
640,fool.com
641,boston.com
642,ign.com
643,usa.gov
644,rutgers.edu
645,ow.ly
646,imageshack.us
647,nsw.gov.au
648,dictionary.com
649,atlassian.com
650,snapchat.com
651,www.gov.cn
652,euronews.com
653,bc.ca
654,pinterest.ca
655,mail.ru
656,ico.org.uk
657,energy.gov
658,substack.com
659,virginia.edu
660,telegra.ph
661,qualtrics.com
662,helpx.adobe.com
663,imf.org
664,fbi.gov
665,office365.com
666,prweb.com
667,uspto.gov
668,brookings.edu
669,dmoz.org
670,cancer.org
671,google.co.in
672,osu.edu
673,yolasite.com
674,moz.com
675,podbean.com
676,wufoo.com
677,is.gd
678,khanacademy.org
679,target.com
680,colorado.edu
681,opensource.org
682,go.kr
683,people.com
684,ubc.ca
685,zend.com
686,bigcartel.com
687,ucl.ac.uk
688,kde.org
689,uber.com
690,lonelyplanet.com
691,herokuapp.com
692,bostonglobe.com
693,nasdaq.com
694,army.mil
695,thefreedictionary.com
696,sap.com
697,rakuten.co.jp
698,urbandictionary.com
699,tamu.edu
700,theregister.com
701,gutenberg.org
702,medscape.com
703,twimg.com
704,va.gov
705,bu.edu
706,icio.us
707,fiverr.com
708,perl.org
709,paypal.me
710,wa.gov
711,att.com
712,tmall.com
713,bund.de
714,usembassy.gov
715,faqs.org
716,semanticscholar.org
717,symantec.com
718,verisign.com
719,del.icio.us
720,dhs.gov
721,thenextweb.com
722,google.com.au
723,dol.gov
724,gamespot.com
725,medlineplus.gov
726,livestream.com
727,adweek.com
728,themegrill.com
729,heart.org
730,mlb.com
731,zhihu.com
732,spb.ru
733,fedoraproject.org
734,mapquest.com
735,nba.com
736,icann.org
737,thestar.com
738,autodesk.com
739,salon.com
740,alexa.com
741,crunchbase.com
742,houzz.com
743,netdna-ssl.com
744,rs6.net
745,wustl.edu
746,amazon.ca
747,undp.org
748,storage.googleapis.com
749,ebay.co.uk
750,jimdofree.com
751,uol.com.br
752,ndtv.com
753,frontier.com
754,iheart.com
755,rfc-editor.org
756,last.fm
757,cell.com
758,ustream.tv
759,xbox.com
760,discovery.com
761,consumerreports.org
762,vanityfair.com
763,g.co
764,eurekalert.org
765,feedly.com
766,ey.com
767,verizon.com
768,microfocus.com
769,blog.google
770,ncsu.edu
771,ethz.ch
772,accenture.com
773,pbase.com
774,gmail.com
775,hootsuite.com
776,schneier.com
777,mercurynews.com
778,tufts.edu
779,steamcommunity.com
780,oxfordjournals.org
781,flic.kr
782,lenovo.com
783,digital.com
784,1688.com
785,greenpeace.org
786,texas.gov
787,coe.int
788,voanews.com
789,irishtimes.com
790,indiana.edu
791,cancer.gov
792,pcworld.com
793,smugmug.com
794,gob.es
795,web.dev
796,nokia.com
797,nyc.gov
798,accuweather.com
799,ea.com
800,sba.gov
801,ilo.org
802,google.cn
803,pitt.edu
804,navy.mil
805,cpan.org
806,utah.edu
807,ihg.com
808,lnkd.in
809,seattletimes.com
810,billboard.com
811,google.ru
812,iop.org
813,eventbrite.co.uk
814,wunderground.com
815,craigslist.org
816,usps.com
817,france24.com
818,computerworld.com
819,bitbucket.org
820,businessweek.com
821,patch.com
822,bestbuy.com
823,zoho.com
824,youronlinechoices.eu
825,asus.com
826,glassdoor.com
827,colorlib.com
828,insider.com
829,globo.com
830,ameblo.jp
831,aarp.org
832,elsevierhealth.com
833,globalnews.ca
834,pastebin.com
835,garmin.com
836,letsencrypt.org
837,hyatt.com
838,lego.com
839,cctv.com
840,olympics.com
841,novell.com
842,com.com
843,zillow.com
844,nobelprize.org
845,de-de.facebook.com
846,cygwin.com
847,ed.ac.uk
848,fifa.com
849,filesusr.com
850,cia.gov
851,haxx.se
852,gumroad.com
853,ucsb.edu
854,georgetown.edu
855,nhk.or.jp
856,standard.co.uk
857,japantimes.co.jp
858,duckduckgo.com
859,foodnetwork.com
860,list-manage1.com
861,nic.in
862,hrw.org
863,osha.gov
864,ctvnews.ca
865,visualstudio.com
866,istockphoto.com
867,fedex.com
868,seekingalpha.com
869,amazon.fr
870,neilpatel.com
871,deadline.com
872,americanexpress.com
873,worldometers.info
874,gettyimages.com
875,disney.com
876,ups.com
877,phpbb.com
878,google.nl
879,udel.edu
880,ibtimes.com
881,washingtontimes.com
882,lefigaro.fr
883,500px.com
884,curl.se
885,sony.com
886,snopes.com
887,spreaker.com
888,miamiherald.com
889,fema.gov
890,vogue.com
891,reference.com
892,theregister.co.uk
893,cookiedatabase.org
894,vt.edu
895,pinterest.co.uk
896,dropcatch.com
897,nielsen.com
898,douban.com
899,findlaw.com
900,brown.edu
901,foxbusiness.com
902,prestashop.com
903,liveinternet.ru
904,git-scm.com
905,techrepublic.com
906,cuny.edu
907,openldap.org
908,ap.org
909,stitcher.com
910,weather.gov
911,thebalance.com
912,ohchr.org
913,hubpages.com
914,redcross.org
915,speedtest.net
916,hawaii.edu
917,broadcom.com
918,yumpu.com
919,hatenablog.com
920,accor.com
921,narod.ru
922,answers.com
923,ipcc.ch
924,clinicaltrials.gov
925,jpost.com
926,clevelandclinic.org
927,360.cn
928,diigo.com
929,gv.at
930,timeout.com
931,vanderbilt.edu
932,caltech.edu
933,panasonic.com
934,tx.us
935,space.com
936,amd.com
937,indianexpress.com
938,ccc.de
939,redbull.com
940,worldcat.org
941,hindustantimes.com
942,startribune.com
943,vatican.va
944,1drv.ms
945,metmuseum.org
946,unl.edu
947,securityfocus.com
948,oregonstate.edu
949,akamaihd.net
950,mediawiki.org
951,ibb.co
952,eu.com
953,ssa.gov
954,tencent.com
955,kaspersky.com
956,popsci.com
957,ehow.com
958,athemes.com
959,axios.com
960,lg.com
961,goodhousekeeping.com
962,esa.int
963,wikisource.org
964,gatech.edu
965,hopkinsmedicine.org
966,observer.com
967,gob.ar
968,cosmopolitan.com
969,dropboxusercontent.com
970,howtogeek.com
971,wipo.int
972,stuff.co.nz
973,rottentomatoes.com
974,thehindu.com
975,iastate.edu
976,orcid.org
977,buzzfeednews.com
978,wikidot.com
979,deezer.com
980,msdn.com
981,denverpost.com
982,blogspot.ca
983,ycombinator.com
984,msnbc.com
985,philips.com
986,wired.co.uk
987,trendmicro.com
988,biglobe.ne.jp
989,csmonitor.com
990,upwork.com
991,caniuse.com
992,google.com.br
993,allrecipes.com
994,mn.us
995,openoffice.org
996,isc.org
997,or.id
998,esquire.com
999,searchenginejournal.com
1000,atlasobscura.com
1001,asahi.com
1002,wetransfer.com
1003,docs.oracle.com
1004,usf.edu
1005,foreignpolicy.com
1006,biblegateway.com
1007,calameo.com
1008,uiowa.edu
1009,in.gov
1010,colostate.edu
1011,uga.edu
1012,mtv.com
1013,gimp.org
1014,instructure.com
1015,popularmechanics.com
1016,qld.gov.au
1017,tableau.com
1018,homedepot.com
1019,elle.com
1020,thomsonreuters.com
1021,mcgill.ca
1022,perl.com
1023,mcafee.com
1024,rochester.edu
1025,squareup.com
1026,bustle.com
1027,genius.com
1028,mpg.de
1029,in.th
1030,flipboard.com
1031,csdn.net
1032,wikibooks.org
1033,fliphtml5.com
1034,umass.edu
1035,verywellmind.com
1036,ourworldindata.org
1037,or.th
1038,nj.com
1039,treehugger.com
1040,dallasnews.com
1041,scoop.it
1042,ca.us
1043,tinypic.com
1044,linksynergy.com
1045,edx.org
1046,generatepress.com
1047,searchengineland.com
1048,sfu.ca
1049,justia.com
1050,discogs.com
1051,af.mil
1052,shutterfly.com
1053,lse.ac.uk
1054,welt.de
1055,ucsf.edu
1056,amnesty.org
1057,ew.com
1058,telegram.org
1059,reverbnation.com
1060,bell-labs.com
1061,mentalfloss.com
1062,tesla.com
1063,wsu.edu
1064,hindawi.com
1065,upi.com
1066,azcentral.com
1067,lua.org
1068,uscourts.gov
1069,rsc.org
1070,staticflickr.com
1071,gwu.edu
1072,delicious.com
1073,timesofisrael.com
1074,man7.org
1075,defense.gov
1076,repubblica.it
1077,china.com.cn
1078,nodejs.org
1079,cvent.com
1080,timeweb.ru
1081,coindesk.com
1082,blogspot.de
1083,tmz.com
1084,video.google.com
1085,blackberry.com
1086,lifewire.com
1087,semrush.com
1088,000webhostapp.com
1089,homestead.com
1090,digitalocean.com
1091,tiny.cc
1092,nationalpost.com
1093,yp.to
1094,nfl.com
1095,xkcd.com
1096,boredpanda.com
1097,iubenda.com
1098,thawte.com
1099,straitstimes.com
1100,cdninstagram.com
1101,eater.com
1102,pinimg.com
1103,federalregister.gov
1104,campaign-archive.com
1105,b.hatena.ne.jp
1106,wpastra.com
1107,flipsnack.com
1108,eia.gov
1109,nzherald.co.nz
1110,nap.edu
1111,brightcove.net
1112,hbs.edu
1113,mac.com
1114,thingiverse.com
1115,huffingtonpost.co.uk
1116,gpo.gov
1117,wireshark.org
1118,videolan.org
1119,envato.market
1120,knowyourmeme.com
1121,medicinenet.com
1122,ama-assn.org
1123,gmu.edu
1124,macrumors.com
1125,square.site
1126,warnerbros.com
1127,baltimoresun.com
1128,apple.co
1129,nbc.com
1130,boutell.co.uk
1131,asso.fr
1132,toutiao.com
1133,boutell.com
1134,squid-cache.org
1135,federalreserve.gov
1136,npmjs.com
1137,ntp.org
1138,aol.de
1139,inquirer.com
1140,buffer.com
1141,smashingmagazine.com
1142,thespruce.com
1143,olympic.org
1144,chinanews.com
1145,raspberrypi.org
1146,amazon.in
1147,suntimes.com
1148,softpedia.com
1149,oregonlive.com
1150,channel4.com
1151,justgiving.com
1152,sophos.com
1153,itv.com
1154,sketchfab.com
1155,cwi.nl
1156,lifehack.org
1157,webnode.com
1158,mega.nz
1159,popsugar.com
1160,redbubble.com
1161,sputniknews.com
1162,freep.com
1163,ford.com
1164,purl.org
1165,eonline.com
1166,faa.gov
1167,wampserver.com
1168,rice.edu
1169,heise.de
1170,xe.com
1171,google.com.hk
1172,businessinsider.com.au
1173,avast.com
1174,secureserver.net
1175,ahajournals.org
1176,mass.gov
1177,bluehost.com
1178,doxygen.nl
1179,thinkwithgoogle.com
1180,biography.com
1181,home.blog
1182,virginia.gov
1183,unhcr.org
1184,unfccc.int
1185,norton.com
1186,penguinrandomhouse.com
1187,tripadvisor.co.uk
1188,de.wordpress.org
1189,ampproject.org
1190,routledge.com
1191,refinery29.com
1192,flaticon.com
1193,investing.com
1194,wikiquote.org
1195,waw.pl
1196,dartmouth.edu
1197,anu.edu.au
1198,travelandleisure.com
1199,fsu.edu
1200,uwaterloo.ca
1201,hpe.com
1202,boingboing.net
1203,wattpad.com
1204,4shared.com
1205,ajc.com
1206,polygon.com
1207,byu.edu
1208,iso.ch
1209,hm.com
1210,zlib.net
1211,nj.us
1212,in.pinterest.com
1213,jst.go.jp
1214,hexun.com
1215,nd.edu
1216,bankrate.com
1217,business-standard.com
1218,britishcouncil.org
1219,missouri.edu
1220,ebay.de
1221,netlify.app
1222,fujitsu.com
1223,epicgames.com
1224,unep.org
1225,peatix.com
1226,doxygen.org
1227,nintendo.com
1228,emarketer.com
1229,hulu.com
1230,ticketmaster.com
1231,nhl.com
1232,libpng.org
1233,adage.com
1234,ria.ru
1235,examiner.com
1236,jiathis.com
1237,thestreet.com
1238,sueddeutsche.de
1239,marthastewart.com
1240,goo.ne.jp
1241,google.pl
1242,hardened-php.net
1243,fl.us
1244,gob.pe
1245,scholastic.com
1246,imageshack.com
1247,si.com
1248,moma.org
1249,cms.gov
1250,apps.facebook.com
1251,us.org
1252,sandiegouniontribune.com
1253,unsw.edu.au
1254,nsf.gov
1255,coinbase.com
1256,blogspot.com.es
1257,pcre.org
1258,news.cn
1259,gstatic.com
1260,politico.eu
1261,siemens.de
1262,dhl.com
1263,fas.org
1264,nber.org
1265,envato.com
1266,motherjones.com
1267,nifty.com
1268,ny.us
1269,everydayhealth.com
1270,custhelp.com
1271,michigan.gov
1272,verywellhealth.com
1273,gzip.org
1274,theage.com.au
1275,hbo.com
1276,memcached.org
1277,starbucks.com
1278,githubusercontent.com
1279,logitech.com
1280,nerdwallet.com
1281,xrea.com
1282,livestrong.com
1283,matomo.org
1284,softonic.com
1285,haaretz.com
1286,bloglovin.com
1287,home.kpmg
1288,zeit.de
1289,gq.com
1290,iea.org
1291,buffalo.edu
1292,uefa.com
1293,elmundo.es
1294,page.link
1295,ec-lyon.fr
1296,hotjar.com
1297,sch.id
1298,lulu.com
1299,realtor.com
1300,unam.mx
1301,uoregon.edu
1302,cern.ch
1303,imperial.ac.uk
1304,audible.com
1305,mlive.com
1306,coinmarketcap.com
1307,arduino.cc
1308,urldefense.com
1309,onelink.me
1310,onlamp.com
1311,binance.com
1312,propublica.org
1313,post-gazette.com
1314,centos.org
1315,mhlw.go.jp
1316,legislation.gov.uk
1317,coub.com
1318,bit.do
1319,barrons.com
1320,digitaljournal.com
1321,ualberta.ca
1322,aclu.org
1323,freewebs.com
1324,hotels.com
1325,iqiyi.com
1326,tunein.com
1327,catchthemes.com
1328,mi.com
1329,freetype.org
1330,technorati.com
1331,apachelounge.com
1332,blogspot.fr
1333,xmlsoft.org
1334,uky.edu
1335,kotaku.com
1336,uic.edu
1337,webdav.org
1338,fastcgi.com
1339,codecademy.com
1340,webflow.io
1341,self.com
1342,jetbrains.com
1343,xda-developers.com
1344,pa.us
1345,wixstatic.com
1346,chinaz.com
1347,sav.com
1348,rd.com
1349,ct.gov
1350,aka.ms
1351,itch.io
1352,cafepress.com
1353,dedecms.com
1354,cleveland.com
1355,enlightenment.org
1356,livemint.com
1357,blogs.com
1358,medrxiv.org
1359,pp.ua
1360,visa.com
1361,strava.com
1362,eu.org
1363,modsecurity.org
1364,faz.net
1365,monster.com
1366,proquest.com
1367,infogram.com
1368,wa.gov.au
1369,royalsocietypublishing.org
1370,kr.ua
1371,padlet.com
1372,scotsman.com
1373,serverwatch.com
1374,emory.edu
1375,corriere.it
1376,domaintools.com
1377,lnk.to
1378,alicdn.com
1379,rsasecurity.com
1380,cbssports.com
1381,counterpane.com
1382,ubisoft.com
1383,sleepycat.com
1384,unimelb.edu.au
1385,service.weibo.com
1386,vulture.com
1387,3m.com
1388,ovh.com
1389,makeuseof.com
1390,codepen.io
1391,u-tokyo.ac.jp
1392,mastercard.com
1393,buzzsprout.com
1394,harpersbazaar.com
1395,discordapp.com
1396,livechatinc.com
1397,sfchronicle.com
1398,washingtonexaminer.com
1399,sbnation.com
1400,manchester.ac.uk
1401,yandex.com
1402,ijg.org
1403,eclipse.org
1404,independent.ie
1405,sciencealert.com
1406,theaustralian.com.au
1407,uh.edu
1408,theintercept.com
1409,shareasale.com
1410,hwg.org
1411,wassenaar.org
1412,bt.com
1413,dp.ua
1414,amazon.es
1415,usmagazine.com
1416,iu.edu
1417,archdaily.com
1418,google.ch
1419,bleacherreport.com
1420,pressreader.com
1421,twitpic.com
1422,duolingo.com
1423,dezeen.com
1424,shrm.org
1425,breitbart.com
1426,hud.gov
1427,newsday.com
1428,ucsc.edu
1429,health.com
1430,collegeboard.org
1431,abc.com
1432,tomshardware.com
1433,legacy.com
1434,9to5mac.com
1435,pdflib.com
1436,dyndns.org
1437,fontawesome.com
1438,dan.com
1439,freetds.org
1440,t-online.de
1441,codeplex.com
1442,edublogs.org
1443,ora.com
1444,aappublications.org
1445,item.taobao.com
1446,psychcentral.com
1447,nhtsa.gov
1448,apache-ssl.org
1449,thenation.com
1450,mo.gov
1451,site123.me
1452,timesonline.co.uk
1453,lin.ee
1454,my.id
1455,ohio.gov
1456,alipay.com
1457,documentcloud.org
1458,sacbee.com
1459,webthing.com
1460,uscis.gov
1461,uconn.edu
1462,tass.ru
1463,menshealth.com
1464,kidshealth.org
1465,fws.gov
1466,fivethirtyeight.com
1467,icloud.com
1468,avg.com
1469,chinanews.com.cn
1470,tutsplus.com
1471,zazzle.com
1472,youradchoices.com
1473,utah.gov
1474,sbs.com.au
1475,specbench.org
1476,lothar.com
1477,brainyquote.com
1478,ebscohost.com
1479,visual.ly
1480,google.be
1481,hgtv.com
1482,wistia.com
1483,iplanet.com
1484,biorxiv.org
1485,wto.org
1486,leeds.ac.uk
1487,chromium.org
1488,ezinearticles.com
1489,uq.edu.au
1490,storify.com
1491,cronolog.org
1492,encyclopedia.com
1493,download.microsoft.com
1494,lastpass.com
1495,mimecast.com
1496,gfycat.com
1497,rand.org
1498,discovermagazine.com
1499,000webhost.com
1500,tampabay.com
1501,bild.de
1502,uu.nl
1503,dreamhost.com
1504,google.co.th
1505,vine.co
1506,livedoor.jp
1507,samhsa.gov
1508,golux.com
1509,nationalreview.com
1510,channelnewsasia.com
1511,newatlas.com
1512,ahrefs.com
1513,cbs.com
1514,pa.gov
1515,medicalxpress.com
1516,comcast.net
1517,nme.com
1518,laweekly.com
1519,awin1.com
1520,web.id
1521,ocregister.com
1522,guinnessworldrecords.com
1523,notion.so
1524,nla.gov.au
1525,cio.com
1526,gingerall.com
1527,apachetutor.org
1528,bankofamerica.com
1529,expedia.com
1530,lycos.com
1531,nationalarchives.gov.uk
1532,ons.gov.uk
1533,ucr.edu
1534,altavista.com
1535,theepochtimes.com
1536,asos.com
1537,liebertpub.com
1538,odoo.com
1539,thebalancecareers.com
1540,lowes.com
1541,rfi.fr
1542,mcdonalds.com
1543,opaque.net
1544,apachehaus.com
1545,instapaper.com
1546,pku.edu.cn
1547,strikingly.com
1548,news-medical.net
1549,artstation.com
1550,rbc.ru
1551,theknot.com
1552,forrester.com
1553,americanbar.org
1554,windows.com
1555,honeywell.com
1556,bleepingcomputer.com
1557,informer.com
1558,cc.com
1559,windowsphone.com
1560,netperf.org
1561,gla.ac.uk
1562,wikispaces.com
1563,curbed.com
1564,grammarly.com
1565,cointelegraph.com
1566,delta.com
1567,leparisien.fr
1568,exblog.jp
1569,bufferapp.com
1570,wbur.org
1571,campaign-archive1.com
1572,vrbo.com
1573,ge.com
1574,business2community.com
1575,python.ca
1576,military.com
1577,geocities.jp
1578,timeshighereducation.com
1579,ask.com
1580,theme-fusion.com
1581,filezilla-project.org
1582,idc.com
1583,syr.edu
1584,thebalancesmb.com
1585,ovhcloud.com
1586,aps.org
1587,francetvinfo.fr
1588,campaign-archive2.com
1589,app.link
1590,abc.es
1591,cnil.fr
1592,al.com
1593,orlandosentinel.com
1594,imagemagick.com
1595,newegg.com
1596,orange.fr
1597,utk.edu
1598,maryland.gov
1599,51.la
1600,nbcsports.com
1601,kremlin.ru
1602,gulfnews.com
1603,dmca.com
1604,sportingnews.com
1605,list-manage2.com
1606,en.wordpress.com
1607,jsonline.com
1608,gamestop.com
1609,codecanyon.net
1610,oregon.gov
1611,dreamstime.com
1612,qcloud.com
1613,groupon.com
1614,wildapricot.org
1615,statnews.com
1616,lavanguardia.com
1617,bcg.com
1618,apachetoday.com
1619,buydomains.com
1620,google.at
1621,warwick.ac.uk
1622,pearltrees.com
1623,realsimple.com
1624,abb.com
1625,appleinsider.com
1626,messenger.com
1627,colorado.gov
1628,myftpupload.com
1629,unm.edu
1630,goethe.de
1631,unicode.org
1632,kriesi.at
1633,copyright.gov
1634,pewinternet.org
1635,bravesites.com
1636,rit.edu
1637,speakerdeck.com
1638,ku.edu
1639,gsu.edu
1640,ancestry.com
1641,newrepublic.com
1642,rackcdn.com
1643,anrdoezrs.net
1644,gotomeeting.com
1645,aaa.com
1646,nationalgeographic.org
1647,blogspot.in
1648,sun-sentinel.com
1649,supremecourt.gov
1650,louvre.fr
1651,aap.org
1652,e-recht24.de
1653,bhg.com
1654,thrillist.com
1655,indiewire.com
1656,ytimg.com
1657,ultimate-guitar.com
1658,cbp.gov
1659,sleepfoundation.org
1660,pcgamer.com
1661,tomsguide.com
1662,ncsl.org
1663,chaturbate.com
1664,virtualbox.org
1665,draft.blogger.com
1666,drugs.com
1667,screenrant.com
1668,allmusic.com
1669,demon.co.uk
1670,rpi.edu
1671,theonion.com
1672,uw.edu
1673,threebit.net
1674,opensea.io
1675,googlepages.com
1676,cntv.cn
1677,unity.com
1678,chronicle.com
1679,fraunhofer.de
1680,tate.org.uk
1681,msk.ru
1682,gnome.org
1683,splashthat.com
1684,artnet.com
1685,wistia.net
1686,blurb.com
1687,miami.edu
1688,unixtools.org
1689,fitbit.com
1690,metacafe.com
1691,teachable.com
1692,google.com.tw
1693,c-span.org
1694,formstack.com
1695,complex.com
1696,whiterabbitpress.com
1697,simplesite.com
1698,worldwildlife.org
1699,ibiblio.org
1700,zapier.com
1701,spglobal.com
1702,amazon.it
1703,drugabuse.gov
1704,ti.com
1705,detroitnews.com
1706,alz.org
1707,adidas.com
1708,fr-fr.facebook.com
1709,gao.gov
1710,pypi.org
1711,womenshealthmag.com
1712,wolfram.com
1713,insidehighered.com
1714,cnki.net
1715,indiatoday.in
1716,nj.gov
1717,freshdesk.com
1718,www.fs.usda.gov
1719,gawker.com
1720,tradingview.com
1721,temple.edu
1722,angel.co
1723,cnrs.fr
1724,hubspot.net
1725,handle.net
1726,poetryfoundation.org
1727,iata.org
1728,safety.google
1729,ab.ca
1730,bitcoin.org
1731,benzinga.com
1732,livechat.com
1733,helpguide.org
1734,cargocollective.com
1735,xs4all.nl
1736,bartleby.com
1737,or.us
1738,waze.com
1739,liveleak.com
1740,zippyshare.com
1741,gamesradar.com
1742,azureedge.net
1743,stltoday.com
1744,news24.com
1745,t-mobile.com
1746,rambler.ru
1747,asm.org
1748,rtve.es
1749,northeastern.edu
1750,tradedoubler.com
1751,cfr.org
1752,glamour.com
1753,we.tl
1754,thecut.com
1755,brightcove.com
1756,cri.cn
1757,kff.org
1758,pinterest.de
1759,nola.com
1760,hackernoon.com
1761,jimdosite.com
1762,rte.ie
1763,j.mp
1764,posterous.com
1765,bhphotovideo.com
1766,gmw.cn
1767,marvel.com
1768,intensedebate.com
1769,google.com.mx
1770,rei.com
1771,ucalgary.ca
1772,videojs.com
1773,philly.com
1774,drexel.edu
1775,foxsports.com
1776,maine.gov
1777,blender.org
1778,mariadb.org
1779,dailystar.co.uk
1780,123rf.com
1781,fed.us
1782,financialpost.com
1783,7-zip.org
1784,qodeinteractive.com
1785,nus.edu.sg
1786,cnblogs.com
1787,ucoz.ru
1788,govinfo.gov
1789,nfpa.org
1790,reliefweb.int
1791,marca.com
1792,tsinghua.edu.cn
1793,ky.gov
1794,tvtropes.org
1795,c212.net
1796,infoworld.com
1797,ovh.net
1798,govdelivery.com
1799,ewg.org
1800,boomboom.com.bd
1801,skysports.com
1802,wordstream.com
1803,nrdc.org
1804,cryoutcreations.eu
1805,clickbank.net
1806,citrix.com
1807,igvita.com
1808,de.linkedin.com
1809,bc.edu
1810,bp.com
1811,oculus.com
1812,apartmenttherapy.com
1813,doodle.com
1814,emerald.com
1815,aafp.org
1816,usaid.gov
1817,aliyuncs.com
1818,starwars.com
1819,blog.naver.com
1820,blogspot.com.au
1821,mcusercontent.com
1822,autoblog.com
1823,tudou.com
1824,kqzyfj.com
1825,pinterest.com.au
1826,pl.wikipedia.org
1827,china.com
1828,cdbaby.com
1829,dpreview.com
1830,thespruceeats.com
1831,diabetes.org
1832,huanqiu.com
1833,afr.com
1834,thewrap.com
1835,ibtimes.co.uk
1836,blogtalkradio.com
1837,theculturetrip.com
1838,arte.tv
1839,lbl.gov
1840,unwomen.org
1841,thestar.com.my
1842,foodandwine.com
1843,kansascity.com
1844,univie.ac.at
1845,nordstrom.com
1846,unblog.fr
1847,illinois.gov
1848,nicovideo.jp
1849,google.se
1850,parents.com
1851,il.us
1852,torproject.org
1853,mynavi.jp
1854,alltrails.com
1855,yorku.ca
1856,huffingtonpost.ca
1857,macys.com
1858,recode.net
1859,helsinki.fi
1860,unity3d.com
1861,pingdom.com
1862,nato.int
1863,studiopress.com
1864,google.com.ua
1865,wi.gov
1866,minecraft.net
1867,yoast.com
1868,springerlink.com
1869,wyndhamhotels.com
1870,uio.no
1871,architecturaldigest.com
1872,impress.co.jp
1873,ubereats.com
1874,law.com
1875,metacritic.com
1876,opentable.com
1877,cpsc.gov
1878,dailydot.com
1879,thekitchn.com
1880,sa.gov.au
1881,www.bl.uk
1882,rebrand.ly
1883,dnb.com
1884,globaltimes.cn
1885,kcl.ac.uk
1886,googleadservices.com
1887,pitchfork.com
1888,macworld.com
1889,clck.ru
1890,made-in-china.com
1891,euractiv.com
1892,businessinsider.in
1893,reviewjournal.com
1894,guidestar.org
1895,networkworld.com
1896,meti.go.jp
1897,topuniversities.com
1898,oecd-ilibrary.org
1899,walgreens.com
1900,i.pinimg.com
1901,experian.com
1902,aa.com
1903,sapo.pt
1904,wellsfargo.com
1905,mathworks.com
1906,namecheap.com
1907,readthedocs.org
1908,lsu.edu
1909,klarna.com
1910,bigcommerce.com
1911,nypl.org
1912,britishmuseum.org
1913,discuz.net
1914,socialmediatoday.com
1915,fourseasons.com
1916,adp.com
1917,cntraveler.com
1918,sendgrid.net
1919,epfl.ch
1920,blogspot.jp
1921,producthunt.com
1922,tradingeconomics.com
1923,doodlekit.com
1924,stlouisfed.org
1925,goal.com
1926,inquirer.net
1927,get.teamviewer.com
1928,oprah.com
1929,geekwire.com
1930,newstatesman.com
1931,icq.com
1932,gsmarena.com
1933,nghttp2.org
1934,focus.de
1935,liveabout.com
1936,fsf.org
1937,usdoj.gov
1938,ggpht.com
1939,tudelft.nl
1940,europepmc.org
1941,acer.com
1942,ucf.edu
1943,unodc.org
1944,skyrock.com
1945,csiro.au
1946,dzone.com
1947,active.com
1948,rakuten.com
1949,manchestereveningnews.co.uk
1950,rferl.org
1951,handelsblatt.com
1952,ala.org
1953,as.com
1954,od.ua
1955,study.com
1956,hc360.com
1957,airtable.com
1958,yomiuri.co.jp
1959,smallbiztrends.com
1960,asana.com
1961,bl.uk
1962,rapidshare.com
1963,zdf.de
1964,liberation.fr
1965,usp.br
1966,blogspot.it
1967,smarturl.it
1968,informationweek.com
1969,pantheonsite.io
1970,esri.com
1971,mensjournal.com
1972,news18.com
1973,wolframalpha.com
1974,uvm.edu
1975,libreoffice.org
1976,payscale.com
1977,tokyo.jp
1978,pfizer.com
1979,sitepoint.com
1980,bostonherald.com
1981,swissinfo.ch
1982,naver.jp
1983,hawaii.gov
1984,yamaha.com
1985,homeadvisor.com
1986,jigsy.com
1987,heritage.org
1988,degruyter.com
1989,theweek.com
1990,html5up.net
1991,bbcgoodfood.com
1992,on24.com
1993,houstonchronicle.com
1994,newsmax.com
1995,morningstar.com
1996,wakelet.com
1997,financialexpress.com
1998,epicurious.com
1999,canon.com
2000,hdl.handle.net
2001,caranddriver.com
2002,windy.com
2003,java.net
2004,real.com
2005,eurogamer.net
2006,firstpost.com
2007,ryanair.com
2008,tn.gov
2009,avaaz.org
2010,uva.nl
2011,reason.com
2012,mb.ca
2013,seesaa.net
2014,toptal.com
2015,redfin.com
2016,peta.org
2017,cocolog-nifty.com
2018,postimg.org
2019,vcu.edu
2020,dc.gov
2021,eset.com
2022,hku.hk
2023,medicare.gov
2024,eeoc.gov
2025,countryliving.com
2026,pinterest.fr
2027,oclc.org
2028,hostgator.com
2029,sltrib.com
2030,mofa.go.jp
2031,skillshare.com
2032,sciencenews.org
2033,inews.co.uk
2034,androidauthority.com
2035,zara.com
2036,raspberrypi.com
2037,nami.org
2038,authorstream.com
2039,politifact.com
2040,yadi.sk
2041,atlassian.net
2042,businessnewsdaily.com
2043,panda.org
2044,wizards.com
2045,virustotal.com
2046,syfy.com
2047,sc.edu
2048,phpmyadmin.net
2049,sproutsocial.com
2050,ifixit.com
2051,blizzard.com
2052,sas.com
2053,kommersant.ru
2054,visualcapitalist.com
2055,idaho.gov
2056,google.com.tr
2057,home.pl
2058,ets.org
2059,packagist.org
2060,britishairways.com
2061,alaska.gov
2062,wikileaks.org
2063,iol.co.za
2064,jooble.org
2065,porsche.com
2066,kyoto-u.ac.jp
2067,myanimelist.net
2068,bonappetit.com
2069,designboom.com
2070,owasp.org
2071,myportfolio.com
2072,careerbuilder.com
2073,clemson.edu
2074,andersnoren.se
2075,energystar.gov
2076,mercola.com
2077,themezee.com
2078,wikitravel.org
2079,costco.com
2080,opensuse.org
2081,pornhub.com
2082,pagesix.com
2083,archlinux.org
2084,ghost.org
2085,gouv.qc.ca
2086,streamable.com
2087,kqed.org
2088,fu-berlin.de
2089,dispatch.com
2090,google.com.sg
2091,cloudinary.com
2092,yellowpages.com
2093,www.gov.br
2094,dailytelegraph.com.au
2095,google.cz
2096,main.jp
2097,presscustomizr.com
2098,christies.com
2099,sydney.edu.au
2100,bigthink.com
2101,boeing.com
2102,icrc.org
2103,iaea.org
2104,nbcnewyork.com
2105,worldatlas.com
2106,folkd.com
2107,ingentaconnect.com
2108,uvic.ca
2109,blog.com
2110,wikimapia.org
2111,bitcoin.com
2112,pearson.com
2113,sdsu.edu
2114,bnf.fr
2115,core.ac.uk
2116,unt.edu
2117,lexisnexis.com
2118,japanpost.jp
2119,jalopnik.com
2120,headspace.com
2121,wordreference.com
2122,google.co.id
2123,healthcare.gov
2124,ahrq.gov
2125,zerohedge.com
2126,re.kr
2127,bangkokpost.com
2128,mofcom.gov.cn
2129,acuityscheduling.com
2130,fordham.edu
2131,ontario.ca
2132,amap.com
2133,phoca.cz
2134,ranker.com
2135,moe.gov.cn
2136,tennessean.com
2137,page.tl
2138,nolo.com
2139,bgr.com
2140,gesetze-im-internet.de
2141,me.com
2142,dailycaller.com
2143,squidoo.com
2144,dafont.com
2145,blog.livedoor.jp
2146,newswire.ca
2147,odnoklassniki.ru
2148,tkqlhce.com
2149,gigaom.com
2150,newsobserver.com
2151,malwarebytes.com
2152,india.com
2153,dailyrecord.co.uk
2154,creativebloq.com
2155,nationalacademies.org
2156,thediplomat.com
2157,quizlet.com
2158,ssl-images-amazon.com
2159,nikkeibp.co.jp
2160,babycenter.com
2161,case.edu
2162,afp.com
2163,edmunds.com
2164,wa.link
2165,cuhk.edu.hk
2166,mediaroom.com
2167,lenta.ru
2168,wwd.com
2169,famethemes.com
2170,crunchyroll.com
2171,emojipedia.org
2172,americanprogress.org
2173,queensu.ca
2174,pbworks.com
2175,sketchup.com
2176,vancouversun.com
2177,wholefoodsmarket.com
2178,mlit.go.jp
2179,rediff.com
2180,extremetech.com
2181,seattlepi.com
2182,nature.org
2183,cafe24.com
2184,chsi.com.cn
2185,cisa.gov
2186,thinkific.com
2187,elitedaily.com
2188,uni-muenchen.de
2189,ce.cn
2190,oh.us
2191,getty.edu
2192,allafrica.com
2193,tfl.gov.uk
2194,zomato.com
2195,jdoqocy.com
2196,windowscentral.com
2197,charlotteobserver.com
2198,deseret.com
2199,unh.edu
2200,china.org.cn
2201,ocn.ne.jp
2202,acast.com
2203,ericsson.com
2204,foreignaffairs.com
2205,oxforddictionaries.com
2206,bts.gov
2207,asp.net
2208,battle.net
2209,teenvogue.com
2210,docdroid.net
2211,zol.com.cn
2212,west.cn
2213,ello.co
2214,fiu.edu
2215,so-net.ne.jp
2216,torontosun.com
2217,ncl.ac.uk
2218,towardsdatascience.com
2219,scielo.br
2220,weheartit.com
2221,consumerfinance.gov
2222,mix.com
2223,usu.edu
2224,cancerresearchuk.org
2225,indystar.com
2226,inverse.com
2227,seriouseats.com
2228,scopus.com
2229,att.net
2230,searchenginewatch.com
2231,springeropen.com
2232,nottingham.ac.uk
2233,broadwayworld.com
2234,sephora.com
2235,canada.com
2236,united.com
2237,cjb.net
2238,tsa.gov
2239,geocaching.com
2240,health.gov.au
2241,rug.nl
2242,google.com.ar
2243,siteground.com
2244,adjust.com
2245,google.hu
2246,archive.is
2247,gale.com
2248,xineurope.com
2249,tripsavvy.com
2250,lh5.googleusercontent.com
2251,flightradar24.com
2252,daum.net
2253,dailykos.com
2254,tagesspiegel.de
2255,jianshu.com
2256,hypebeast.com
2257,clarin.com
2258,plosone.org
2259,abril.com.br
2260,photoshelter.com
2261,wolterskluwer.com
2262,ready.gov
2263,list.ly
2264,edweek.org
2265,va.us
2266,weibo.cn
2267,hotmail.com
2268,akc.org
2269,people.cn
2270,dummies.com
2271,letterboxd.com
2272,httpwg.org
2273,aa.com.tr
2274,krakow.pl
2275,ebay.com.au
2276,wfp.org
2277,lesechos.fr
2278,netvibes.com
2279,ou.edu
2280,libguides.com
2281,kiva.org
2282,heavy.com
2283,infoplease.com
2284,easyjet.com
2285,bonanza.com
2286,r-project.org
2287,delish.com
2288,libero.it
2289,js.org
2290,mt.gov
2291,canalblog.com
2292,theodysseyonline.com
2293,infobae.com
2294,disneyplus.com
2295,openlibrary.org
2296,css-tricks.com
2297,mainichi.jp
2298,thesaurus.com
2299,thedrum.com
2300,adelaide.edu.au
2301,computerweekly.com
2302,abebooks.com
2303,dev.to
2304,kpmg.com
2305,ansa.it
2306,dpbolvw.net
2307,amebaownd.com
2308,harpercollins.com
2309,yourdictionary.com
2310,avclub.com
2311,mindtools.com
2312,pandora.com
2313,heraldsun.com.au
2314,vogue.co.uk
2315,ballotpedia.org
2316,gob.ec
2317,esy.es
2318,amazon.com.au
2319,realclearpolitics.com
2320,sxsw.com
2321,paris.fr
2322,delaware.gov
2323,thinkprogress.org
2324,gopro.com
2325,t.cn
2326,unctad.org
2327,naturalnews.com
2328,motortrend.com
2329,google.dk
2330,cgtn.com
2331,weddingwire.com
2332,thermofisher.com
2333,gridserver.com
2334,info.pl
2335,fineartamerica.com
2336,freelancer.com
2337,bfmtv.com
2338,ask.fm
2339,nwsource.com
2340,itemfix.com
2341,codeproject.com
2342,eastmoney.com
2343,themoscowtimes.com
2344,openedition.org
2345,taleo.net
2346,hpage.com
2347,redis.io
2348,uc.edu
2349,esteri.it
2350,desmoinesregister.com
2351,commondreams.org
2352,simonandschuster.com
2353,qualcomm.com
2354,cityu.edu.hk
2355,ua.edu
2356,commonsensemedia.org
2357,pastemagazine.com
2358,vam.ac.uk
2359,lmgtfy.com
2360,ko-fi.com
2361,templatemonster.com
2362,wikiwand.com
2363,capterra.com
2364,pscp.tv
2365,clickfunnels.com
2366,sheknows.com
2367,statesman.com
2368,akamai.com
2369,berlin.de
2370,yimg.com
2371,ma.us
2372,studentaid.gov
2373,dawn.com
2374,walesonline.co.uk
2375,aspca.org
2376,sedo.com
2377,freedesktop.org
2378,tagesschau.de
2379,cookieyes.com
2380,pantone.com
2381,york.ac.uk
2382,anandtech.com
2383,bookdepository.com
2384,wmo.int
2385,seagate.com
2386,termsfeed.com
2387,toyota.com
2388,google.gr
2389,uni-heidelberg.de
2390,thenational.ae
2391,scitation.org
2392,mcmaster.ca
2393,georgia.gov
2394,prevention.com
2395,motorola.com
2396,nc.us
2397,podomatic.com
2398,investors.com
2399,mindbodygreen.com
2400,doaj.org
2401,marketplace.org
2402,american.edu
2403,myworkdayjobs.com
2404,msu.ru
2405,steemit.com
2406,inquisitr.com
2407,depositphotos.com
2408,yahoo.net
2409,uab.edu
2410,brides.com
2411,collider.com
2412,mn.gov
2413,freecodecamp.org
2414,cincinnati.com
2415,justpaste.it
2416,smu.edu
2417,runnersworld.com
2418,honda.com
2419,wtop.com
2420,courant.com
2421,netdna-cdn.com
2422,google.ro
2423,smartsheet.com
2424,web.app
2425,timesunion.com
2426,shell.com
2427,monash.edu
2428,pixnet.net
2429,instyle.com
2430,google.co.za
2431,abc7.com
2432,iucn.org
2433,siteorigin.com
2434,parade.com
2435,themuse.com
2436,pinterest.es
2437,gatesfoundation.org
2438,emptyhammock.com
2439,qiita.com
2440,greenend.org.uk
2441,ritzcarlton.com
2442,audacy.com
2443,radissonhotels.com
2444,mic.com
2445,icims.com
2446,zappos.com
2447,repec.org
2448,www.parliament.uk
2449,auburn.edu
2450,annualreviews.org
2451,devpost.com
2452,syracuse.com
2453,se.com
2454,umontreal.ca
2455,formula1.com
2456,archive-it.org
2457,sf.net
2458,fotolia.com
2459,alternet.org
2460,google.co.nz
2461,arabnews.com
2462,parliament.uk
2463,mattel.com
2464,viglink.com
2465,tistory.com
2466,plala.or.jp
2467,gsa.gov
2468,alberta.ca
2469,which.co.uk
2470,inhabitat.com
2471,google.pt
2472,cloudwaysapps.com
2473,marieclaire.com
2474,nh.gov
2475,findagrave.com
2476,web.skype.com
2477,idnes.cz
2478,orf.at
2479,ifttt.com
2480,overstock.com
2481,webflow.com
2482,about.google
2483,ada.org
2484,24go.me
2485,rumble.com
2486,tasteofhome.com
2487,laravel.com
2488,nngroup.com
2489,collinsdictionary.com
2490,boe.es
2491,smore.com
2492,wi.us
2493,the-sun.com
2494,reverso.net
2495,nv.gov
2496,nybooks.com
2497,bplaced.net
2498,artsy.net
2499,healthychildren.org
2500,state.co.us
2501,alter.com
2502,ipsos.com
2503,usgbc.org
2504,suicidepreventionlifeline.org
2505,ethereum.org
2506,signupgenius.com
2507,hse.gov.uk
2508,shape.com
2509,yle.fi
2510,cato.org
2511,tesco.com
2512,agoda.com
2513,ouest-france.fr
2514,cta-redirect.hubspot.com
2515,exeter.ac.uk
2516,ipsnews.net
2517,futurism.com
2518,kaggle.com
2519,infoseek.co.jp
2520,tum.de
2521,google.com.vn
2522,accorhotels.com
2523,comscore.com
2524,uproxx.com
2525,tvguide.com
2526,acpjournals.org
2527,unige.ch
2528,trust.org
2529,ispconfig.org
2530,zimbra.com
2531,uwo.ca
2532,lexico.com
2533,inkscape.org
2534,ohio-state.edu
2535,mos.ru
2536,google.no
2537,google.com.ph
2538,volvocars.com
2539,allure.com
2540,moneycontrol.com
2541,affordable-papers.net
2542,here.com
2543,nhm.ac.uk
2544,spring.io
2545,tutorialspoint.com
2546,aweber.com
2547,lufthansa.com
2548,couchsurfing.com
2549,southampton.ac.uk
2550,fox.com
2551,golang.org
2552,gap.com
2553,openculture.com
2554,panoramio.com
2555,sendspace.com
2556,connect.ok.ru
2557,tcd.ie
2558,ku.dk
2559,flippingbook.com
2560,milb.com
2561,player.fm
2562,tapatalk.com
2563,comicbook.com
2564,slashgear.com
2565,google.ie
2566,contently.com
2567,messefrankfurt.com
2568,recaptcha.net
2569,google.fi
2570,city-data.com
2571,penzu.com
2572,wikipedia.com
2573,ub.edu
2574,buffalonews.com
2575,thehindubusinessline.com
2576,q4cdn.com
2577,spectator.co.uk
2578,baylor.edu
2579,nii.ac.jp
2580,powerbi.com
2581,mi.us
2582,finra.org
2583,pewtrusts.org
2584,southernliving.com
2585,etonline.com
2586,amnh.org
2587,pennlive.com
2588,techspot.com
2589,tawk.to
2590,dji.com
2591,pin.it
2592,ul.com
2593,proboards.com
2594,familysearch.org
2595,ornl.gov
2596,okstate.edu
2597,hasbro.com
2598,freeprivacypolicy.com
2599,ushmm.org
2600,opencart.com
2601,googlecode.com
2602,mercedes-benz.com
2603,xerox.com
2604,bitchute.com
2605,emirates.com
2606,roku.com
2607,consumeraffairs.com
2608,thedrive.com
2609,getcomposer.org
2610,inria.fr
2611,goldmansachs.com
2612,myfitnesspal.com
2613,eugdpr.org
2614,sendinblue.com
2615,comodo.com
2616,jezebel.com
2617,nationaltrust.org.uk
2618,gm.com
2619,macmillan.com
2620,androidpolice.com
2621,csis.org
2622,blog.jp
2623,cplusplus.com
2624,alarabiya.net
2625,zotero.org
2626,askubuntu.com
2627,lu.se
2628,govtrack.us
2629,westerndigital.com
2630,jnj.com
2631,audubon.org
2632,wayfair.com
2633,mongodb.com
2634,digitalspy.com
2635,heraldnet.com
2636,nouvelobs.com
2637,csoonline.com
2638,khaleejtimes.com
2639,xfinity.com
2640,fidelity.com
2641,superuser.com
2642,backlinko.com
2643,metoffice.gov.uk
2644,cheezburger.com
2645,go.ke
2646,gog.com
2647,wri.org
2648,petapixel.com
2649,pardot.com
2650,trulia.com
2651,pagesperso-orange.fr
2652,belfasttelegraph.co.uk
2653,fca.org.uk
2654,nice.org.uk
2655,blogspot.nl
2656,outsideonline.com
2657,ilsole24ore.com
2658,pbskids.org
2659,sqlite.org
2660,uniqlo.com
2661,sp.gov.br
2662,tianqi.com
2663,wonderhowto.com
2664,bodybuilding.com
2665,google.co.kr
2666,iflscience.com
2667,triblive.com
2668,vecteezy.com
2669,poynter.org
2670,cinemablend.com
2671,techtimes.com
2672,export.gov
2673,ebay.ca
2674,sheffield.ac.uk
2675,md.us
2676,gucci.com
2677,adafruit.com
2678,st-andrews.ac.uk
2679,northjersey.com
2680,symfony.com
2681,eastday.com
2682,masslive.com
2683,capgemini.com
2684,chrome.com
2685,digiday.com
2686,aboutamazon.com
2687,ucar.edu
2688,kobo.com
2689,uu.se
2690,rg.ru
2691,mediapost.com
2692,utm.edu
2693,publishersweekly.com
2694,kit.edu
2695,lviv.ua
2696,imore.com
2697,bayern.de
2698,wisconsin.gov
2699,mynewsdesk.com
2700,sfexaminer.com
2701,aip.org
2702,farfetch.com
2703,bayer.com
2704,br.de
2705,ndr.de
2706,nationalinterest.org
2707,kp.ru
2708,google.co.il
2709,informa.com
2710,boardgamegeek.com
2711,cracked.com
2712,soup.io
2713,aljazeera.net
2714,open.ac.uk
2715,nd.gov
2716,puma.com
2717,networksolutions.com
2718,eventbrite.ca
2719,dailyherald.com
2720,manta.com
2721,transportation.gov
2722,giantbomb.com
2723,angieslist.com
2724,lexology.com
2725,thenationalnews.com
2726,e-monsite.com
2727,gab.com
2728,zenodo.org
2729,shop-pro.jp
2730,ctrip.com
2731,test.com
2732,wral.com
2733,dnaindia.com
2734,mendeley.com
2735,doe.gov
2736,20minutos.es
2737,stern.de
2738,quantcast.com
2739,ziprecruiter.com
2740,blip.tv
2741,kuleuven.be
2742,cochrane.org
2743,bitdefender.com
2744,youradchoices.ca
2745,haveibeenpwned.com
2746,lastampa.it
2747,uzh.ch
2748,csic.es
2749,magento.com
2750,kiplinger.com
2751,threadless.com
2752,verywellfit.com
2753,patagonia.com
2754,blogspot.com.br
2755,notepad-plus-plus.org
2756,food.com
2757,wn.com
2758,namebright.com
2759,econsultancy.com
2760,ntu.edu.tw
2761,pressherald.com
2762,gsk.com
2763,viki.com
2764,vocabulary.com
2765,housebeautiful.com
2766,ulule.com
2767,writeablog.net
2768,grammy.com
2769,udacity.com
2770,bloombergquint.com
2771,kaltura.com
2772,uk.trustpilot.com
2773,karger.com
2774,cnr.cn
2775,democracynow.org
2776,ktla.com
2777,elastic.co
2778,natlawreview.com
2779,uib.no
2780,choicehotels.com
2781,villagevoice.com
2782,hrsa.gov
2783,google.cl
2784,gnupg.org
2785,madison.com
2786,physiology.org
2787,fdic.gov
2788,grist.org
2789,findarticles.com
2790,sierraclub.org
2791,wvu.edu
2792,daringfireball.net
2793,opendemocracy.net
2794,g2.com
2795,pdx.edu
2796,greatist.com
2797,rockstargames.com
2798,health.gov
2799,bestwestern.com
2800,res.in
2801,checkpoint.com
2802,newindianexpress.com
2803,getresponse.com
2804,wbs-law.de
2805,overdrive.com
2806,slides.com
2807,ucsusa.org
2808,googlesyndication.com
2809,snapwidget.com
2810,lexpress.fr
2811,kayak.com
2812,lanacion.com.ar
2813,gameinformer.com
2814,nazwa.pl
2815,emb-japan.go.jp
2816,wdr.de
2817,zimbio.com
2818,bloomberglaw.com
2819,gtmetrix.com
2820,blogfreely.net
2821,data.gov.uk
2822,worldpopulationreview.com
2823,techsmith.com
2824,star-telegram.com
2825,uschamber.com
2826,rki.de
2827,texastribune.org
2828,jpmorgan.com
2829,netcraft.com
2830,healthaffairs.org
2831,mext.go.jp
2832,techdirt.com
2833,kbb.com
2834,autonews.com
2835,square-enix.com
2836,transparency.org
2837,androidcentral.com
2838,chosun.com
2839,rijksoverheid.nl
2840,zenwriting.net
2841,elespanol.com
2842,workable.com
2843,nbcchicago.com
2844,eklablog.com
2845,wroclaw.pl
2846,diabetesjournals.org
2847,kth.se
2848,ucoz.com
2849,hackaday.com
2850,chanel.com
2851,charitynavigator.org
2852,mymodernmet.com
2853,airbus.com
2854,earthday.org
2855,hrc.org
2856,doordash.com
2857,auckland.ac.nz
2858,ubs.com
2859,thriveglobal.com
2860,patheos.com
2861,docomo.ne.jp
2862,or.at
2863,megaupload.com
2864,sothebys.com
2865,intechopen.com
2866,cas.cn
2867,abc7news.com
2868,krebsonsecurity.com
2869,law360.com
2870,spacex.com
2871,google.com.my
2872,dhgate.com
2873,xsrv.jp
2874,hellomagazine.com
2875,bundestag.de
2876,globalsign.com
2877,cision.com
2878,tau.ac.il
2879,smartinsights.com
2880,moonfruit.com
2881,aepd.es
2882,postheaven.net
2883,uservoice.com
2884,techopedia.com
2885,humanesociety.org
2886,note.com
2887,poznan.pl
2888,in.net
2889,habr.com
2890,thalesgroup.com
2891,liverpoolecho.co.uk
2892,jugem.jp
2893,uni-hamburg.de
2894,business.com
2895,mysanantonio.com
2896,palmbeachpost.com
2897,mongabay.com
2898,mayoclinic.com
2899,utwente.nl
2900,plannedparenthood.org
2901,doc.gov
2902,thinkgeek.com
2903,tulane.edu
2904,ubi.com
2905,superbthemes.com
2906,ucm.es
2907,amtrak.com
2908,montrealgazette.com
2909,iowa.gov
2910,mid.ru
2911,rsf.org
2912,theathletic.com
2913,gitbook.io
2914,futurelearn.com
2915,kakao.com
2916,lung.org
2917,urbanoutfitters.com
2918,plurk.com
2919,webopedia.com
2920,criteo.com
2921,gothamist.com
2922,europa.eu.int
2923,contentmarketinginstitute.com
2924,motor1.com
2925,scirp.org
2926,marxists.org
2927,bristol.ac.uk
2928,viator.com
2929,pymnts.com
2930,bloggersdelight.dk
2931,elconfidencial.com
2932,twincities.com
2933,winzip.com
2934,coocan.jp
2935,emeraldinsight.com
2936,vermont.gov
2937,lyft.com
2938,irishexaminer.com
2939,kharkov.ua
2940,project-syndicate.org
2941,nbclosangeles.com
2942,unece.org
2943,awwwards.com
2944,uni-koeln.de
2945,chase.com
2946,muckrack.com
2947,secureservercdn.net
2948,uark.edu
2949,nttdocomo.co.jp
2950,opensecrets.org
2951,abc7chicago.com
2952,metal-archives.com
2953,thunderbird.net
2954,fairmont.com
2955,mtu.edu
2956,courier-journal.com
2957,wsimg.com
2958,postimg.cc
2959,themeansar.com
2960,dailynews.com
2961,spoti.fi
2962,azure.com
2963,ri.gov
2964,unibo.it
2965,stripes.com
2966,edutopia.org
2967,michelin.com
2968,cbn.com
2969,electrek.co
2970,clarivate.com
2971,schema.org
2972,sjsu.edu
2973,pmi.org
2974,bankofengland.co.uk
2975,jpn.org
2976,sfweekly.com
2977,theblaze.com
2978,pixlr.com
2979,env.go.jp
2980,jamieoliver.com
2981,lynda.com
2982,teespring.com
2983,tue.nl
2984,thepaper.cn
2985,yna.co.kr
2986,service-public.fr
2987,lasvegassun.com
2988,basecamp.com
2989,ksl.com
2990,paho.org
2991,uptodate.com
2992,wayne.edu
2993,nar.realtor
2994,lacounty.gov
2995,bundesregierung.de
2996,thejakartapost.com
2997,similarweb.com
2998,cvs.com
2999,excite.co.jp
3000,convio.net
3001,poets.org
3002,government.ru
3003,tenor.com
3004,bedbathandbeyond.com
3005,lodz.pl
3006,regulations.gov
3007,omny.fm
3008,translate.goog
3009,ugent.be
3010,bain.com
3011,koreaherald.com
3012,wnyc.org
3013,abc7ny.com
3014,zenfolio.com
3015,globalresearch.ca
3016,gadgets.ndtv.com
3017,jdsupra.com
3018,href.li
3019,grandviewresearch.com
3020,europapress.es
3021,pixiv.net
3022,staples.com
3023,pconline.com.cn
3024,cars.com
3025,csun.edu
3026,twilio.com
3027,openlearning.com
3028,indiebound.org
3029,smashwords.com
3030,iom.int
3031,socialmediaexaminer.com
3032,usask.ca
3033,boxofficemojo.com
3034,cbinsights.com
3035,radio-canada.ca
3036,foodnetwork.co.uk
3037,shorturl.at
3038,soton.ac.uk
3039,townhall.com
3040,joins.com
3041,onet.pl
3042,radio.com
3043,sc.gov
3044,code.org
3045,cityam.com
3046,iupui.edu
3047,bookshop.org
3048,mind.org.uk
3049,netgear.com
3050,wanadoo.fr
3051,medpagetoday.com
3052,google.bg
3053,google.ae
3054,christianpost.com
3055,louisvuitton.com
3056,cookpad.com
3057,fortunecity.com
3058,iherb.com
3059,google.com.co
3060,militarytimes.com
3061,hu-berlin.de
3062,msi.com
3063,12377.cn
3064,redd.it
3065,pocket-lint.com
3066,gandi.net
3067,interfax.ru
3068,verywellfamily.com
3069,ndrc.gov.cn
3070,viber.com
3071,simplecast.com
3072,digicert.com
3073,jalbum.net
3074,basf.com
3075,fujifilm.com
3076,wondershare.com
3077,birmingham.ac.uk
3078,christianitytoday.com
3079,example.org
3080,thisismoney.co.uk
3081,seattle.gov
3082,google.rs
3083,townandcountrymag.com
3084,firefox.com
3085,starwoodhotels.com
3086,mgmresorts.com
3087,kent.edu
3088,aad.org
3089,computerhope.com
3090,oxfam.org
3091,nzz.ch
3092,uwa.edu.au
3093,tidal.com
3094,gencat.cat
3095,asme.org
3096,apkpure.com
3097,diplo.de
3098,zoominfo.com
3099,knightlab.com
3100,morganstanley.com
3101,epi.org
3102,publications.parliament.uk
3103,uct.ac.za
3104,fmprc.gov.cn
3105,9news.com.au
3106,almanac.com
3107,iarc.fr
3108,itmedia.co.jp
3109,dreamhosters.com
3110,tilda.ws
3111,a8.net
3112,infoq.com
3113,moneysavingexpert.com
3114,blm.gov
3115,9to5google.com
3116,liu.se
3117,idv.tw
3118,rarathemes.com
3119,gazeta.ru
3120,au.dk
3121,haproxy.org
3122,nocookie.net
3123,makezine.com
3124,bshare.cn
3125,macleans.ca
3126,obsproject.com
3127,djangoproject.com
3128,reactjs.org
3129,brave.com
3130,magcloud.com
3131,citylab.com
3132,ncaa.com
3133,omaha.com
3134,newgrounds.com
3135,wm.edu
3136,download.com
3137,thoughtcatalog.com
3138,tp-link.com
3139,cbr.com
3140,carleton.ca
3141,dg-datenschutz.de
3142,nsc.org
3143,play.spotify.com
3144,onlinehome.us
3145,yourtango.com
3146,lepoint.fr
3147,kissmetrics.com
3148,unfpa.org
3149,nxp.com
3150,dur.ac.uk
3151,nm.us
3152,campaignmonitor.com
3153,qmul.ac.uk
3154,cnr.it
3155,marketingland.com
3156,linuxfoundation.org
3157,heraldscotland.com
3158,upf.edu
3159,nrf.com
3160,bitcointalk.org
3161,askmen.com
3162,ada.gov
3163,renren.com
3164,flipkart.com
3165,kh.ua
3166,lovetoknow.com
3167,topsy.com
3168,timesnownews.com
3169,kohls.com
3170,fodors.com
3171,bloomsbury.com
3172,healthgrades.com
3173,printfriendly.com
3174,carrd.co
3175,bnnbloomberg.ca
3176,sears.com
3177,adn.com
3178,f-secure.com
3179,fanfiction.net
3180,bahn.de
3181,cheatsheet.com
3182,jetpack.com
3183,thewaltdisneycompany.com
3184,nrel.gov
3185,one.com
3186,slashfilm.com
3187,ok.gov
3188,cba.si
3189,nextdoor.com
3190,9news.com
3191,iyfubh.com
3192,oberlo.com
3193,wur.nl
3194,premierleague.com
3195,ccm.net
3196,reg.ru
3197,globalsecurity.org
3198,keio.ac.jp
3199,electronics.cba.si
3200,nga.gov
3201,at.ua
3202,domain.com
3203,rover.ebay.com
3204,dal.ca
3205,pinterest.jp
3206,europeana.eu
3207,screencast.com
3208,auswaertiges-amt.de
3209,alamy.com
3210,fortinet.com
3211,webshots.com
3212,rawstory.com
3213,fullerton.edu
3214,ojp.gov
3215,uwm.edu
3216,acog.org
3217,youdao.com
3218,nbcbayarea.com
3219,kodak.com
3220,koreatimes.co.kr
3221,cleantechnica.com
3222,aacrjournals.org
3223,fandango.com
3224,cuni.cz
3225,51job.com
3226,derstandard.at
3227,medicaldaily.com
3228,couriermail.com.au
3229,privacypolicyonline.com
3230,birminghammail.co.uk
3231,nutrition.org
3232,rwth-aachen.de
3233,www.gov.scot
3234,urban.org
3235,psychiatryonline.org
3236,masterclass.com
3237,deccanherald.com
3238,livedoor.com
3239,ru.com
3240,biblehub.com
3241,le.ac.uk
3242,rakuten.ne.jp
3243,wa.us
3244,numbeo.com
3245,the-scientist.com
3246,exploratorium.edu
3247,uottawa.ca
3248,tbs.co.jp
3249,anotepad.com
3250,oscars.org
3251,freehostia.com
3252,adl.org
3253,salary.com
3254,abc13.com
3255,8tracks.com
3256,sparkfun.com
3257,secondlife.com
3258,dupont.com
3259,pri.org
3260,arkansas.gov
3261,gq-magazine.co.uk
3262,in.us
3263,powells.com
3264,item.jd.com
3265,heraldtribune.com
3266,sfsu.edu
3267,skynet.be
3268,umbc.edu
3269,prlog.org
3270,nmsu.edu
3271,zp.ua
3272,sussex.ac.uk
3273,rxlist.com
3274,uni-bonn.de
3275,microchip.com
3276,annals.org
3277,news.qq.com
3278,blossomthemes.com
3279,crazyegg.com
3280,alaska.edu
3281,thefreelibrary.com
3282,radiotimes.com
3283,google.sk
3284,courthousenews.com
3285,gouvernement.fr
3286,nec.com
3287,fanpop.com
3288,thedenverchannel.com
3289,nikkei.co.jp
3290,pewforum.org
3291,mozillazine.org
3292,beckershospitalreview.com
3293,wpbeginner.com
3294,dw.de
3295,rogerebert.com
3296,aei.org
3297,yougov.com
3298,surrey.ac.uk
3299,lightwidget.com
3300,goodmorningamerica.com
3301,eweek.com
3302,msstate.edu
3303,de.tl
3304,wallethub.com
3305,adb.org
3306,psychiatry.org
3307,rutube.ru
3308,amazon.cn
3309,deadspin.com
3310,internationalwomensday.com
3311,google.com.eg
3312,univision.com
3313,goto.com
3314,unr.edu
3315,taylorandfrancis.com
3316,metrika.yandex.ru
3317,alabama.gov
3318,ecfr.gov
3319,wnd.com
3320,bis.org
3321,healio.com
3322,bol.com
3323,eatingwell.com
3324,sh.gov.cn
3325,piktochart.com
3326,sonypictures.com
3327,factcheck.org
3328,db.tt
3329,alistapart.com
3330,vic.edu.au
3331,io9.com
3332,torrentfreak.com
3333,thomasnet.com
3334,youth.cn
3335,mnn.com
3336,ga.us
3337,teamusa.org
3338,theadvocate.com
3339,activecampaign.com
3340,uptodown.com
3341,leo.org
3342,angi.com
3343,estadao.com.br
3344,hsforms.com
3345,pravda.ru
3346,privacypolicies.com
3347,tuwien.ac.at
3348,outlookindia.com
3349,geeksforgeeks.org
3350,tu-berlin.de
3351,archives-ouvertes.fr
3352,spokesman.com
3353,ecwid.com
3354,figma.com
3355,filmkovasi.org
3356,ic3.gov
3357,extendthemes.com
3358,whmcs.com
3359,udn.com
3360,musescore.com
3361,planalto.gov.br
3362,postandcourier.com
3363,softbank.jp
3364,authorize.net
3365,fastcodesign.com
3366,splcenter.org
3367,einnews.com
3368,specificfeeds.com
3369,maff.go.jp
3370,washingtonian.com
3371,familyhandyman.com
3372,draxe.com
3373,bobvila.com
3374,rmit.edu.au
3375,zhaopin.com
3376,unrealengine.com
3377,maps.google.co.in
3378,radikal.ru
3379,shef.ac.uk
3380,ddns.net
3381,kroger.com
3382,blogspot.ru
3383,1tv.ru
3384,counterpunch.org
3385,bangordailynews.com
3386,gamasutra.com
3387,albany.edu
3388,umt.edu
3389,nbcwashington.com
3390,stonybrook.edu
3391,psychologicalscience.org
3392,librarything.com
3393,amara.org
3394,coingecko.com
3395,nc.gov
3396,or.ke
3397,garanteprivacy.it
3398,penguin.co.uk
3399,neu.edu
3400,richmond.com
3401,ms.us
3402,umblr.com
3403,marinetraffic.com
3404,postimage.org
3405,provenexpert.com
3406,etymonline.com
3407,gob.cl
3408,nbcdfw.com
3409,vuejs.org
3410,tokyo.lg.jp
3411,highsnobiety.com
3412,king5.com
3413,yourstory.com
3414,comsenz.com
3415,subway.com
3416,vaticannews.va
3417,nrw.de
3418,ttu.edu
3419,humblebundle.com
3420,trustedreviews.com
3421,eldiario.es
3422,freedomhouse.org
3423,grubhub.com
3424,dn.ua
3425,sony.net
3426,google.by
3427,google.hr
3428,rappler.com
3429,jsfiddle.net
3430,surveygizmo.com
3431,keybase.io
3432,biz.ua
3433,anydesk.com
3434,rs-online.com
3435,uaf.edu
3436,cookieconsent.com
3437,southwest.com
3438,sjtu.edu.cn
3439,luc.edu
3440,cleantalkorg2.ru
3441,opm.gov
3442,oas.org
3443,osaka-u.ac.jp
3444,ottawacitizen.com
3445,n-tv.de
3446,soumu.go.jp
3447,funnyordie.com
3448,huji.ac.il
3449,anl.gov
3450,care2.com
3451,nyti.ms
3452,forbes.ru
3453,mediaite.com
3454,merck.com
3455,rnz.co.nz
3456,imgix.net
3457,webgarden.com
3458,empowher.com
3459,images-amazon.com
3460,consultant.ru
3461,avvo.com
3462,unlv.edu
3463,no-ip.org
3464,ga.gov
3465,www.gov.pl
3466,google.com.pe
3467,neurology.org
3468,epson.com
3469,brandeis.edu
3470,eatthis.com
3471,mhanational.org
3472,feedingamerica.org
3473,videoshub.com
3474,tomtom.com
3475,cloudways.com
3476,phonearena.com
3477,ssllabs.com
3478,chip.de
3479,uri.edu
3480,xtgem.com
3481,republicworld.com
3482,nos.nl
3483,sphinx-doc.org
3484,dokuwiki.org
3485,society6.com
3486,caesars.com
3487,oanda.com
3488,kantei.go.jp
3489,12371.cn
3490,bravejournal.net
3491,mof.gov.cn
3492,rai.it
3493,net-a-porter.com
3494,banggood.com
3495,netfirms.com
3496,freeimages.com
3497,mcall.com
3498,westernunion.com
3499,ramseysolutions.com
3500,razer.com
3501,nrk.no
3502,247wallst.com
3503,audacityteam.org
3504,commerce.gov
3505,tucson.com
3506,computer.org
3507,money.com
3508,movember.com
3509,techinasia.com
3510,sd.gov
3511,xero.com
3512,tripadvisor.in
3513,az.gov
3514,k-state.edu
3515,mailerlite.com
3516,khn.org
3517,ms.gov
3518,pg.com
3519,sparknotes.com
3520,wpcomstaging.com
3521,azlyrics.com
3522,ameba.jp
3523,gamesindustry.biz
3524,art.pl
3525,godotengine.org
3526,linux.org
3527,marksandspencer.com
3528,roblox.com
3529,ustr.gov
3530,tulsaworld.com
3531,pandasecurity.com
3532,astm.org
3533,zohopublic.com
3534,denofgeek.com
3535,du.edu
3536,uoguelph.ca
3537,tass.com
3538,canadiantire.ca
3539,fnac.com
3540,williams-sonoma.com
3541,prntscr.com
3542,bget.ru
3543,theringer.com
3544,thebase.in
3545,technet.com
3546,neowin.net
3547,primevideo.com
3548,serverfault.com
3549,cognitoforms.com
3550,sans.org
3551,beatport.com
3552,veoh.com
3553,20minutes.fr
3554,lanl.gov
3555,genial.ly
3556,manutd.com
3557,bris.ac.uk
3558,flexjobs.com
3559,bath.ac.uk
3560,chegg.com
3561,unglobalcompact.org
3562,viadeo.com
3563,theiet.org
3564,terra.com.br
3565,cjr.org
3566,gosuslugi.ru
3567,unibe.ch
3568,thejournal.ie
3569,khou.com
3570,taz.de
3571,philstar.com
3572,snu.ac.kr
3573,sina.cn
3574,datingranking.net
3575,wsws.org
3576,wikidata.org
3577,autismspeaks.org
3578,dtic.mil
3579,vedomosti.ru
3580,39.net
3581,conta.cc
3582,aftonbladet.se
3583,brownpapertickets.com
3584,etherscan.io
3585,godaddysites.com
3586,johnlewis.com
3587,osf.io
3588,betanews.com
3589,pinterest.it
3590,imgflip.com
3591,cba.pl
3592,jcpenney.com
3593,myfonts.com
3594,fsc.org
3595,pluralsight.com
3596,citynews.ca
3597,doi.gov
3598,elperiodico.com
3599,ctv.ca
3600,elementor.com
3601,sportskeeda.com
3602,nebraska.gov
3603,crn.com
3604,haproxy.com
3605,gsxt.gov.cn
3606,michaels.com
3607,kongregate.com
3608,ihsmarkit.com
3609,credit-suisse.com
3610,audioboom.com
3611,myrecipes.com
3612,iucnredlist.org
3613,aeaweb.org
3614,petitiononline.com
3615,maps.app.goo.gl
3616,icbc.com.cn
3617,adaa.org
3618,dangdang.com
3619,mastercard.us
3620,interestingengineering.com
3621,b-cdn.net
3622,retailmenot.com
3623,scu.edu
3624,ncaa.org
3625,rootsweb.com
3626,osce.org
3627,medtronic.com
3628,hometalk.com
3629,utdallas.edu
3630,kdvr.com
3631,chinatax.gov.cn
3632,unaids.org
3633,telenet.be
3634,werite.net
3635,newsvine.com
3636,misterpoll.com
3637,safedog.cn
3638,blogspot.se
3639,carbonmade.com
3640,tu-dresden.de
3641,wccftech.com
3642,mydrivers.com
3643,dzwww.com
3644,aaas.org
3645,uv.es
3646,avma.org
3647,bepress.com
3648,toronto.ca
3649,vu.nl
3650,neimanmarcus.com
3651,prf.hn
3652,kaiserpermanente.org
3653,jrj.com.cn
3654,nau.edu
3655,kubernetes.io
3656,lockheedmartin.com
3657,ecowatch.com
3658,usccb.org
3659,indiamart.com
3660,tv-tokyo.co.jp
3661,annualcreditreport.com
3662,streetinsider.com
3663,dior.com
3664,newyorkfed.org
3665,niu.edu
3666,montana.edu
3667,imgbb.com
3668,tensorflow.org
3669,jdpower.com
3670,coca-colacompany.com
3671,infusionsoft.com
3672,hollywoodlife.com
3673,siriusxm.com
3674,storeboard.com
3675,talkingpointsmemo.com
3676,allegro.pl
3677,animoto.com
3678,aircanada.com
3679,officedepot.com
3680,9gag.com
3681,gitee.com
3682,wfaa.com
3683,monash.edu.au
3684,dazeddigital.com
3685,ebaumsworld.com
3686,ntv.co.jp
3687,blockchain.com
3688,arthritis.org
3689,flightaware.com
3690,umanitoba.ca
3691,beget.tech
3692,sucuri.net
3693,klm.com
3694,yfrog.com
3695,marketscreener.com
3696,asiaone.com
3697,wellandgood.com
3698,1password.com
3699,ebsco.com
3700,niche.com
3701,myflorida.com
3702,allstate.com
3703,ns.ca
3704,ice.gov
3705,uwec.edu
3706,tribune.com.pk
3707,linux.com
3708,adv.br
3709,buymeacoffee.com
3710,postimages.org
3711,nwf.org
3712,dreamwidth.org
3713,la.gov
3714,uw.edu.pl
3715,htc.com
3716,forward.com
3717,meltwater.com
3718,uk.net
3719,pecl.php.net
3720,ozon.ru
3721,greatschools.org
3722,gohugo.io
3723,web.com
3724,jhsph.edu
3725,tas.gov.au
3726,imagemagick.org
3727,thehackernews.com
3728,58.com
3729,ebay.it
3730,acronis.com
3731,earthsky.org
3732,globalcitizen.org
3733,ndl.go.jp
3734,equifax.com
3735,eaton.com
3736,qut.edu.au
3737,cults3d.com
3738,hostelworld.com
3739,jacksonville.com
3740,cbo.gov
3741,upm.es
3742,mhthemes.com
3743,dailysabah.com
3744,dickssportinggoods.com
3745,comcast.com
3746,umb.edu
3747,purevolume.com
3748,sage.com
3749,justjared.com
3750,blackrock.com
3751,bamboohr.com
3752,jacobinmag.com
3753,eurosport.com
3754,gd.gov.cn
3755,longisland.com
3756,waterstones.com
3757,escholarship.org
3758,hao123.com
3759,6abc.com
3760,boots.com
3761,winamp.com
3762,google.com.pk
3763,bfi.org.uk
3764,rbth.com
3765,aao.org
3766,clickondetroit.com
3767,blogger.googleusercontent.com
3768,tor.com
3769,gyazo.com
3770,ivoox.com
3771,gu.se
3772,truthout.org
3773,beijing.gov.cn
3774,winnipegfreepress.com
3775,aph.gov.au
3776,deseretnews.com
3777,marketsandmarkets.com
3778,virgin.com
3779,taxfoundation.org
3780,mikecrm.com
3781,99designs.com
3782,eltiempo.com
3783,leagueoflegends.com
3784,eluniversal.com.mx
3785,samsclub.com
3786,womansday.com
3787,beniculturali.it
3788,loom.com
3789,nerdist.com
3790,mobirise.com
3791,positivepsychology.com
3792,ccb.com
3793,corporate-ir.net
3794,hokudai.ac.jp
3795,universetoday.com
3796,iht.com
3797,england.nhs.uk
3798,tianya.cn
3799,mail-archive.com
3800,merchantcircle.com
3801,eiu.com
3802,tohoku.ac.jp
3803,simplemachines.org
3804,nyse.com
3805,rhs.org.uk
3806,minds.com
3807,uni-freiburg.de
3808,atlanticcouncil.org
3809,nintendo.co.jp
3810,uchile.cl
3811,us-cert.gov
3812,calm.com
3813,louisiana.gov
3814,deviantart.net
3815,cultofmac.com
3816,jma.go.jp
3817,ghostery.com
3818,follow.it
3819,join.chat
3820,japantoday.com
3821,generateprivacypolicy.com
3822,credly.com
3823,arm.com
3824,courtlistener.com
3825,google.lv
3826,harley-davidson.com
3827,ionos.com
3828,churchofjesuschrist.org
3829,researchandmarkets.com
3830,most.gov.cn
3831,google.lt
3832,nine.com.au
3833,pinterest.ru
3834,sil.org
3835,chevrolet.com
3836,freepatentsonline.com
3837,iz.ru
3838,bethesda.net
3839,wp-royal.com
3840,listverse.com
3841,zju.edu.cn
3842,wroc.pl
3843,tes.com
3844,uidaho.edu
3845,newswise.com
3846,go.dev
3847,kia.com
3848,unu.edu
3849,vestacp.com
3850,kentucky.com
3851,flagcounter.com
3852,ind.br
3853,tripadvisor.ca
3854,businessinsider.de
3855,qatarairways.com
3856,nysed.gov
3857,sitejabber.com
3858,2345.com
3859,simplypsychology.org
3860,surveymonkey.co.uk
3861,termly.io
3862,kxan.com
3863,vingle.net
3864,mq.edu.au
3865,click2houston.com
3866,ttlink.com
3867,aicpa.org
3868,wp.pl
3869,tmcnet.com
3870,st.com
3871,wpzoom.com
3872,kinja.com
3873,thefederalist.com
3874,newspapers.com
3875,newsbreak.com
3876,depaul.edu
3877,food52.com
3878,google.si
3879,belgium.be
3880,spiceworks.com
3881,pilotonline.com
3882,guggenheim.org
3883,thepetitionsite.com
3884,yummly.com
3885,afthemes.com
3886,darkreading.com
3887,hurriyetdailynews.com
3888,seedandspark.com
3889,verizonwireless.com
3890,bea.gov
3891,novartis.com
3892,kinoiikhoote.xyz
3893,compuserve.com
3894,google.com.sa
3895,fitchratings.com
3896,gobankingrates.com
3897,lpages.co
3898,calgaryherald.com
3899,infowars.com
3900,superpages.com
3901,iadb.org
3902,kakaku.com
3903,corporatefinanceinstitute.com
3904,paper.li
3905,defensenews.com
3906,miaminewtimes.com
3907,abs.gov.au
3908,swarthmore.edu
3909,newschool.edu
3910,bugs.php.net
3911,wenthemes.com
3912,thisoldhouse.com
3913,movieweb.com
3914,odu.edu
3915,rian.ru
3916,die.net
3917,pbc.gov.cn
3918,gazette.com
3919,excite.com
3920,worldofwarcraft.com
3921,cao.go.jp
3922,nbcphiladelphia.com
3923,wgntv.com
3924,ctfassets.net
3925,hotpepper.jp
3926,lapresse.ca
3927,cutt.us
3928,womenshealth.gov
3929,ana.co.jp
3930,muffingroup.com
3931,wikimediafoundation.org
3932,discover.com
3933,london.gov.uk
3934,thumbtack.com
3935,nexusmods.com
3936,stats.gov.cn
3937,desktopnexus.com
3938,binghamton.edu
3939,concordia.ca
3940,lublin.pl
3941,smartasset.com
3942,soso.com
3943,peninsuladailynews.com
3944,citysearch.com
3945,shaw.ca
3946,creativemarket.com
3947,rockpapershotgun.com
3948,amazon.jobs
3949,sublimetext.com
3950,sch.gr
3951,skku.edu
3952,csulb.edu
3953,swr.de
3954,chowhound.com
3955,eleconomista.es
3956,ntu.edu.sg
3957,thestate.com
3958,chicago.gov
3959,uscg.mil
3960,theinformation.com
3961,ucpress.edu
3962,shinobi.jp
3963,english-heritage.org.uk
3964,jaxa.jp
3965,cmegroup.com
3966,reading.ac.uk
3967,uofmhealth.org
3968,essence.com
3969,beliefnet.com
3970,randomhouse.com
3971,uba.ar
3972,wwe.com
3973,wenming.cn
3974,theweathernetwork.com
3975,universityofcalifornia.edu
3976,abs-cbn.com
3977,rollcall.com
3978,cudasvc.com
3979,brainpickings.org
3980,eatright.org
3981,reedsy.com
3982,newadvent.org
3983,gnavi.co.jp
3984,statefarm.com
3985,deutschlandfunk.de
3986,eso.org
3987,webaim.org
3988,ferrari.com
3989,scienceblogs.com
3990,collegehumor.com
3991,aaos.org
3992,snazzymaps.com
3993,wickedlocal.com
3994,cardiff.ac.uk
3995,dignitymemorial.com
3996,google.co.ve
3997,ascd.org
3998,nhc.gov.cn
3999,ambafrance.org
4000,copernicus.org
4001,vesti.ru
4002,undocs.org
4003,dccomics.com
4004,dwcdn.net
4005,interia.pl
4006,4.cn
4007,umkc.edu
4008,capitalone.com
4009,anthropologie.com
4010,icij.org
4011,wsbtv.com
4012,clickorlando.com
4013,roma.it
4014,seattleweekly.com
4015,bom.gov.au
4016,xml-sitemaps.com
4017,privacypolicygenerator.info
4018,chalmers.se
4019,riseup.net
4020,maine.edu
4021,care.com
4022,gob.ve
4023,ces.tech
4024,upc.edu
4025,eqxiu.com
4026,gamerant.com
4027,prtimes.jp
4028,txdot.gov
4029,rtbf.be
4030,db.com
4031,dion.ne.jp
4032,w3techs.com
4033,ebayimg.com
4034,sina.com
4035,knoxnews.com
4036,sankei.com
4037,thepointsguy.com
4038,svt.se
4039,wisegeek.com
4040,hsbc.com
4041,app.com
4042,delltechnologies.com
4043,citi.com
4044,cyberpolice.cn
4045,chess.com
4046,irfanview.com
4047,signal.org
4048,colibriwp.com
4049,bestlifeonline.com
4050,greenhouse.io
4051,petfinder.com
4052,motorsport.com
4053,artofmanliness.com
4054,komonews.com
4055,stylecaster.com
4056,pewsocialtrends.org
4057,llnl.gov
4058,mondaq.com
4059,usyd.edu.au
4060,clevescene.com
4061,bible.com
4062,gg.gg
4063,aeon.co
4064,diva-portal.org
4065,kent.ac.uk
4066,habitat.org
4067,donorbox.org
4068,finder.com
4069,hse.ru
4070,histats.com
4071,kijiji.ca
4072,callofduty.com
4073,unimi.it
4074,insurancejournal.com
4075,heroku.com
4076,analog.com
4077,mint.com
4078,massgeneral.org
4079,fau.edu
4080,oprahdaily.com
4081,emailmeform.com
4082,mprnews.org
4083,wordpressfoundation.org
4084,ohio.edu
4085,elifesciences.org
4086,westword.com
4087,chicagobusiness.com
4088,qt.io
4089,bab.la
4090,blubrry.com
4091,mises.org
4092,texasmonthly.com
4093,uni-frankfurt.de
4094,gleam.io
4095,nta.go.jp
4096,wordfence.com
4097,telegraaf.nl
4098,dilbert.com
4099,instacart.com
4100,hongkiat.com
4101,nsa.gov
4102,tabelog.com
4103,11alive.com
4104,thecrimson.com
4105,uni-muenster.de
4106,google.ee
4107,animenewsnetwork.com
4108,unina.it
4109,educause.edu
4110,packtpub.com
4111,art.br
4112,e2ma.net
4113,spin.com
4114,rackspace.com
4115,ulta.com
4116,ugr.es
4117,financesonline.com
4118,princetonreview.com
4119,therealdeal.com
4120,onelink.to
4121,weather.com.cn
4122,destatis.de
4123,mapbox.com
4124,moodys.com
4125,3ds.com
4126,paloaltonetworks.com
4127,tucows.com
4128,turkishairlines.com
4129,itunes.com
4130,rikunabi.com
4131,ne.gov
4132,wmich.edu
4133,mentalhealth.org.uk
4134,kinsta.com
4135,gizmag.com
4136,rae.es
4137,digikey.com
4138,rp-online.de
4139,getmonero.org
4140,datenschutz-generator.de
4141,aamc.org
4142,tv-asahi.co.jp
4143,okta.com
4144,uea.ac.uk
4145,as.me
4146,hurriyet.com.tr
4147,thelocal.se
4148,ad.nl
4149,stjude.org
4150,mk.ru
4151,pe.com
4152,247sports.com
4153,mdanderson.org
4154,mediamatters.org
4155,rainn.org
4156,govtech.com
4157,themarginalian.org
4158,pgatour.com
4159,taylorfrancis.com
4160,savethechildren.org
4161,confex.com
4162,freeservers.com
4163,usenix.org
4164,tsn.ca
4165,cigna.com
4166,wdc.com
4167,dict.cc
4168,hubblesite.org
4169,consumerist.com
4170,telegram.com
4171,random.org
4172,interpol.int
4173,chng.it
4174,unwto.org
4175,batmanapollo.ru
4176,cyberchimps.com
4177,livenation.com
4178,runsignup.com
4179,ynetnews.com
4180,uni-tuebingen.de
4181,ams.org
4182,7news.com.au
4183,bundesgesundheitsministerium.de
4184,timeslive.co.za
4185,clustrmaps.com
4186,education.com
4187,besthookupwebsites.org
4188,icons8.com
4189,asha.org
4190,jal.co.jp
4191,teacherspayteachers.com
4192,autotrader.com
4193,spreadshirt.com
4194,boc.cn
4195,feedspot.com
4196,thenews.com.pk
4197,conac.cn
4198,mskcc.org
4199,cambridgeenglish.org
4200,ansi.org
4201,indymedia.org
4202,bluestacks.com
4203,pastelink.net
4204,8b.io
4205,bsigroup.com
4206,shapeways.com
4207,google.ba
4208,clutch.co
4209,linode.com
4210,google.com.ec
4211,iii.org
4212,bet.com
4213,c2.com
4214,democratandchronicle.com
4215,wv.gov
4216,victoriassecret.com
4217,jneurosci.org
4218,blog.gov.uk
4219,psmag.com
4220,720yun.com
4221,ipl.org
4222,blogactiv.eu
4223,vanguardngr.com
4224,edelman.com
4225,periscope.tv
4226,dea.gov
4227,playbill.com
4228,ofcom.org.uk
4229,brill.com
4230,thenewstribune.com
4231,copyblogger.com
4232,lehigh.edu
4233,royalsociety.org
4234,datingreviewer.net
4235,biblestudytools.com
4236,imo.org
4237,rsna.org
4238,wakwak.com
4239,onlyfans.com
4240,sennheiser.com
4241,ni.com
4242,sberbank.ru
4243,martinfowler.com
4244,treas.gov
4245,al.us
4246,wfu.edu
4247,hertz.com
4248,datingrating.net
4249,uts.edu.au
4250,pravo.gov.ru
4251,ulaval.ca
4252,ic.ac.uk
4253,xuexi.cn
4254,campaignlive.co.uk
4255,gentoo.org
4256,smashballoon.com
4257,tokopedia.com
4258,moneycrashers.com
4259,smartly-coaching.de
4260,timesfreepress.com
4261,bravotv.com
4262,transunion.com
4263,citizensadvice.org.uk
4264,tvline.com
4265,quicksprout.com
4266,alternativeto.net
4267,trade.gov
4268,uwyo.edu
4269,songkick.com
4270,saksfifthavenue.com
4271,travelocity.com
4272,ufrj.br
4273,cnsnews.com
4274,metafilter.com
4275,osd.mil
4276,carleton.edu
4277,marines.mil
4278,abc15.com
4279,nestle.com
4280,unenvironment.org
4281,umaine.edu
4282,nova.edu
4283,patient.info
4284,icao.int
4285,influencermarketinghub.com
4286,notion.site
4287,unilever.com
4288,jamendo.com
4289,dtu.dk
4290,genome.gov
4291,freerepublic.com
4292,espncricinfo.com
4293,hollywood.com
4294,google.com.bd
4295,homeip.net
4296,news4jax.com
4297,catchtiger.com
4298,multiply.com
4299,local10.com
4300,trendhunter.com
4301,easports.com
4302,carbonbrief.org
4303,theroot.com
4304,caringbridge.org
4305,flywheelsites.com
4306,besthookupwebsites.net
4307,fcbarcelona.com
4308,artic.edu
4309,adblockplus.org
4310,iit.edu
4311,jqueryui.com
4312,nginx.net
4313,fujitv.co.jp
4314,southcn.com
4315,google.com.ng
4316,duma.gov.ru
4317,usajobs.gov
4318,qantas.com
4319,singaporeair.com
4320,embedgooglemap.net
4321,sae.org
4322,macrotrends.net
4323,empireonline.com
4324,dow.com
4325,fang.com
4326,linksys.com
4327,vnexpress.net
4328,themehorse.com
4329,direct.gov.uk
4330,box.net
4331,jp.net
4332,emedicinehealth.com
4333,google.co.cr
4334,jewishvirtuallibrary.org
4335,abdn.ac.uk
4336,yelp.ca
4337,sandiegozoo.org
4338,mobirise.info
4339,businesstoday.in
4340,aif.ru
4341,uni-goettingen.de
4342,foxitsoftware.com
4343,indigo.ca
4344,healthdata.org
4345,middlebury.edu
4346,wfmz.com
4347,suning.com
4348,journalstar.com
4349,miro.com
4350,redirectingat.com
4351,hbomax.com
4352,actionnetwork.org
4353,jobvite.com
4354,synology.com
4355,astronomy.com
4356,nrc.nl
4357,babbel.com
4358,optimizely.com
4359,royalmail.com
4360,yudu.com
4361,uta.edu
4362,torgi.gov.ru
4363,expressen.se
4364,web.de
4365,dothome.co.kr
4366,webstarts.com
4367,konami.com
4368,avira.com
4369,opengroup.org
4370,guardian.ng
4371,squareblogs.net
4372,hackerone.com
4373,marketo.com
4374,hyperallergic.com
4375,adac.de
4376,allocine.fr
4377,threatpost.com
4378,prospect.org
4379,google.co.ke
4380,ebay.fr
4381,allthingsd.com
4382,calpoly.edu
4383,activision.com
4384,gdpr-info.eu
4385,muni.cz
4386,thesprucecrafts.com
4387,uni-leipzig.de
4388,uni-stuttgart.de
4389,cabelas.com
4390,darpa.mil
4391,break.com
4392,sherwin-williams.com
4393,publicradio.org
4394,daimler.com
4395,gizmodo.com.au
4396,volkskrant.nl
4397,de.vu
4398,nbcsandiego.com
4399,scoop.co.nz
4400,srf.ch
4401,thetrevorproject.org
4402,arkansasonline.com
4403,curtin.edu.au
4404,scroll.in
4405,d.hatena.ne.jp
4406,linuxmint.com
4407,rubyonrails.org
4408,mindbodyonline.com
4409,xvideos.com
4410,napster.com
4411,polimi.it
4412,louisville.edu
4413,sigmaaldrich.com
4414,jigsawplanet.com
4415,wfla.com
4416,monday.com
4417,dw-world.de
4418,wnycstudios.org
4419,corel.com
4420,questionpro.com
4421,stores.jp
4422,mg.co.za
4423,omicsonline.org
4424,moddb.com
4425,voxeu.org
4426,crateandbarrel.com
4427,destructoid.com
4428,thewire.in
4429,toshiba.com
4430,pokemon.com
4431,otago.ac.nz
4432,hookupdate.net
4433,score.org
4434,vg247.com
4435,zoosnet.net
4436,nyt.com
4437,nysenate.gov
4438,tok2.com
4439,auth.gr
4440,hathitrust.org
4441,advocate.com
4442,laptopmag.com
4443,homeaffairs.gov.au
4444,ntnu.no
4445,depositfiles.com
4446,wpi.edu
4447,byrdie.com
4448,hetzner.com
4449,elledecor.com
4450,rb.gy
4451,royalcbd.com
4452,tribuneindia.com
4453,kitco.com
4454,gumtree.com
4455,aalto.fi
4456,betfair.com
4457,toasttab.com
4458,rafflecopter.com
4459,bszs.conac.cn
4460,opendns.com
4461,mdr.de
4462,theprint.in
4463,israelnationalnews.com
4464,arbeitsagentur.de
4465,mindspring.com
4466,meduza.io
4467,nu.nl
4468,biz.pl
4469,creativelive.com
4470,google.lu
4471,coca-cola.com
4472,webscan.360.cn
4473,digitalcommerce360.com
4474,inaturalist.org
4475,levi.com
4476,healthfully.com
4477,ryerson.ca
4478,10best.com
4479,distractify.com
4480,iwm.org.uk
4481,invisionapp.com
4482,bmwi.de
4483,umaryland.edu
4484,tldp.org
4485,salute.gov.it
4486,scitechdaily.com
4487,setlist.fm
4488,austinchronicle.com
4489,epik.com
4490,nationalgallery.org.uk
4491,thisamericanlife.org
4492,taipeitimes.com
4493,ig.com.br
4494,blackboard.com
4495,nascar.com
4496,cmail20.com
4497,hypermart.net
4498,thedailymeal.com
4499,belkin.com
4500,gamepedia.com
4501,opb.org
4502,haosou.com
4503,liberty.edu
4504,techpowerup.com
4505,origin.com
4506,oilprice.com
4507,diynetwork.com
4508,dovepress.com
4509,essayswriting.org
4510,businessoffashion.com
4511,carnegieendowment.org
4512,namesilo.com
4513,iihs.org
4514,mozdev.org
4515,tomsk.ru
4516,ukcop26.org
4517,sandiego.edu
4518,exxonmobil.com
4519,qub.ac.uk
4520,abqjournal.com
4521,gearbest.com
4522,prnt.sc
4523,vim.org
4524,brit.co
4525,juneauempire.com
4526,mohrss.gov.cn
4527,brew.sh
4528,liverpool.ac.uk
4529,staradvertiser.com
4530,regjeringen.no
4531,filehippo.com
4532,cbr.ru
4533,buzzsumo.com
4534,orange.com
4535,chewy.com
4536,middleeasteye.net
4537,sverigesradio.se
4538,visitscotland.com
4539,sho.com
4540,yougov.co.uk
4541,geek.com
4542,ralphlauren.com
4543,google.com.do
4544,daytondailynews.com
4545,mta.info
4546,autocar.co.uk
4547,gitlab.io
4548,google.com.uy
4549,fox8.com
4550,nuance.com
4551,fudan.edu.cn
4552,mobypicture.com
4553,deakin.edu.au
4554,atom.io
4555,thepiratebay.org
4556,hostinger.com
4557,url.cn
4558,pcgamesn.com
4559,sjv.io
4560,eventbrite.com.au
4561,tsukuba.ac.jp
4562,mouser.com
4563,paulgraham.com
4564,amc.com
4565,opensocietyfoundations.org
4566,onfeetnation.com
4567,google.kz
4568,cmbchina.com
4569,yubico.com
4570,rijksmuseum.nl
4571,computerhistory.org
4572,purewow.com
4573,lohud.com
4574,opensource.com
4575,hookupwebsites.org
4576,v.gd
4577,fireeye.com
4578,kingston.com
4579,racked.com
4580,catb.org
4581,yell.com
4582,su.se
4583,spectrumlocalnews.com
4584,griffith.edu.au
4585,xxx.com
4586,harpers.org
4587,easeus.com
4588,directv.com
4589,palgrave.com
4590,lumenlearning.com
4591,freshbooks.com
4592,nest.com
4593,amazon.com.br
4594,ru.nl
4595,unicamp.br
4596,neocities.org
4597,wjla.com
4598,teslamotors.com
4599,walkscore.com
4600,downdetector.com
4601,skyscanner.net
4602,piriform.com
4603,online.fr
4604,juntadeandalucia.es
4605,efe.com
4606,mindmeister.com
4607,digitaloceanspaces.com
4608,agilent.com
4609,securelist.com
4610,astrazeneca.com
4611,ohsu.edu
4612,appsto.re
4613,wusa9.com
4614,mixi.jp
4615,wikivoyage.org
4616,yogajournal.com
4617,greenbiz.com
4618,expatica.com
4619,deepl.com
4620,france.tv
4621,dailywire.com
4622,travelchannel.com
4623,comparitech.com
4624,wilsoncenter.org
4625,euobserver.com
4626,venmo.com
4627,ahram.org.eg
4628,merckmanuals.com
4629,nbcmiami.com
4630,biospace.com
4631,mobygames.com
4632,netlify.com
4633,50megs.com
4634,up.pt
4635,argos.co.uk
4636,usbank.com
4637,blackmagicdesign.com
4638,nongnu.org
4639,google.as
4640,kantar.com
4641,cbd.int
4642,myheritage.com
4643,bugs.mysql.com
4644,chop.edu
4645,shopping.com
4646,pressdemocrat.com
4647,casetext.com
4648,lifesitenews.com
4649,kansas.com
4650,optimole.com
4651,tripadvisor.fr
4652,chroniclelive.co.uk
4653,milano.it
4654,google.org
4655,lboro.ac.uk
4656,topgear.com
4657,olemiss.edu
4658,edf.org
4659,gardeningknowhow.com
4660,customs.gov.cn
4661,sk.ca
4662,photo.net
4663,endocrine.org
4664,inmotionhosting.com
4665,amny.com
4666,gatesnotes.com
4667,gda.pl
4668,umu.se
4669,metrotimes.com
4670,smartrecruiters.com
4671,jw.org
4672,cadenaser.com
4673,underarmour.com
4674,tf1.fr
4675,ia.us
4676,google.dz
4677,tinypng.com
4678,forever21.com
4679,bloomingdales.com
4680,freeserve.co.uk
4681,toptenreviews.com
4682,mohurd.gov.cn
4683,8m.com
4684,swarovski.com
4685,poshmark.com
4686,autoevolution.com
4687,worldhistory.org
4688,instagr.am
4689,ametsoc.org
4690,lwn.net
4691,morningconsult.com
4692,polldaddy.com
4693,ust.hk
4694,cert.org
4695,cafemom.com
4696,uow.edu.au
4697,cafelog.com
4698,dmm.com
4699,baseball-reference.com
4700,theinquirer.net
4701,ruby-lang.org
4702,google.lk
4703,freesound.org
4704,ksat.com
4705,marquette.edu
4706,schneider-electric.com
4707,colourlovers.com
4708,uab.cat
4709,news12.com
4710,cirquedusoleil.com
4711,google.com.np
4712,worldscientific.com
4713,wgbh.org
4714,blip.fm
4715,agu.org
4716,loreal.com
4717,canoe.ca
4718,realmadrid.com
4719,bloglines.com
4720,optinmonster.com
4721,ub.ac.id
4722,sprint.com
4723,friendfeed.com
4724,suse.com
4725,gazzetta.it
4726,rotary.org
4727,gitbook.com
4728,act.org
4729,ato.gov.au
4730,pcisecuritystandards.org
4731,gadgets360.com
4732,mega.co.nz
4733,ecosia.org
4734,suite101.com
4735,publons.com
4736,whitepages.com
4737,truste.com
4738,hulkshare.com
4739,google.cat
4740,nextcloud.com
4741,onetrust.com
4742,webself.net
4743,nintendolife.com
4744,cbpp.org
4745,bham.ac.uk
4746,ath.cx
4747,google.com.gt
4748,lever.co
4749,sacred-texts.com
4750,richmond.edu
4751,gigabyte.com
4752,google.is
4753,ladbible.com
4754,government.nl
4755,zjol.com.cn
4756,nsw.edu.au
4757,au.com
4758,tigris.org
4759,chelseafc.com
4760,controlc.com
4761,lequipe.fr
4762,woothemes.com
4763,pubhtml5.com
4764,google.com.cu
4765,pair.com
4766,nordvpn.com
4767,ucd.ie
4768,thepioneerwoman.com
4769,bgsu.edu
4770,lilly.com
4771,rightmove.co.uk
4772,phillymag.com
4773,united-domains.de
4774,oneplus.com
4775,ustc.edu.cn
4776,nationwide.com
4777,multiscreensite.com
4778,lookbook.nu
4779,ipetitions.com
4780,wonderplugin.com
4781,rr.com
4782,eetimes.com
4783,netsuite.com
4784,labiennale.org
4785,juniper.net
4786,leg.br
4787,thehotline.org
4788,orbitz.com
4789,petmd.com
4790,google.cm
4791,seventeen.com
4792,sixflags.com
4793,telstra.com.au
4794,wiwo.de
4795,fox2now.com
4796,google.com.pr
4797,social-plugins.line.me
4798,notebookcheck.net
4799,chathamhouse.org
4800,nespresso.com
4801,google.ad
4802,trezor.io
4803,goodtherapy.org
4804,audiomack.com
4805,deccanchronicle.com
4806,slu.edu
4807,anyflip.com
4808,bostonmagazine.com
4809,taiwannews.com.tw
4810,hypotheses.org
4811,theladders.com
4812,getyourguide.com
4813,speedyloan.net
4814,ripe.net
4815,agpd.es
4816,ticksy.com
4817,ravelry.com
4818,sg-host.com
4819,sharethis.com
4820,wcvb.com
4821,google.com.mt
4822,google.com.bo
4823,mewe.com
4824,finalfantasyxiv.com
4825,porch.com
4826,dr.dk
4827,splice.com
4828,ntlworld.com
4829,kompas.com
4830,shinystat.com
4831,abcactionnews.com
4832,lrb.co.uk
4833,golfdigest.com
4834,metacpan.org
4835,adr.org
4836,jwplayer.com
4837,mcclatchydc.com
4838,12306.cn
4839,huduser.gov
4840,a16z.com
4841,readwrite.com
4842,quia.com
4843,hamburg.de
4844,nabble.com
4845,google.ci
4846,szczecin.pl
4847,kanagawa.jp
4848,if.ua
4849,visitlondon.com
4850,iis.net
4851,crypto.com
4852,aphapublications.org
4853,dlr.de
4854,rtl.de
4855,virginmedia.com
4856,intercom.com
4857,jmu.edu
4858,themify.me
4859,infineon.com
4860,ukri.org
4861,thescottishsun.co.uk
4862,slickdeals.net
4863,thinglink.com
4864,google.az
4865,simon.com
4866,niemanlab.org
4867,nwitimes.com
4868,beforeitsnews.com
4869,cabanova.com
4870,google.iq
4871,ctan.org
4872,myswitzerland.com
4873,winehq.org
4874,thedailystar.net
4875,martindale.com
4876,wantedly.com
4877,36kr.com
4878,presseportal.de
4879,comingsoon.net
4880,kinopoisk.ru
4881,google.bs
4882,upv.es
4883,joomag.com
4884,ilga.gov
4885,google.mu
4886,robbreport.com
4887,onegreenplanet.org
4888,aetna.com
4889,thenounproject.com
4890,creative.com
4891,tripadvisor.com.au
4892,kddi.com
4893,gsma.com
4894,format.com
4895,schwab.com
4896,openbsd.org
4897,ardmediathek.de
4898,unbounce.com
4899,google.jo
4900,virgilio.it
4901,jci.org
4902,bioone.org
4903,zebra.com
4904,nationmaster.com
4905,google.mn
4906,waseda.ac.jp
4907,canberratimes.com.au
4908,bose.com
4909,amzn.com
4910,liverpoolfc.com
4911,governmentjobs.com
4912,top.mail.ru
4913,williams.edu
4914,tyc.edu.tw
4915,leafly.com
4916,tiny.cloud
4917,kadencewp.com
4918,todayonline.com
4919,ghacks.net
4920,fontsquirrel.com
4921,wwnorton.com
4922,2track.info
4923,activerain.com
4924,activestate.com
4925,fi.it
4926,xanga.com
4927,ubuntuforums.org
4928,kiro7.com
4929,wtsp.com
4930,tiffany.com
4931,sympatico.ca
4932,us.es
4933,francebleu.fr
4934,google.bi
4935,osti.gov
4936,grainger.com
4937,themarysue.com
4938,edgesuite.net
4939,wkyc.com
4940,thestranger.com
4941,transportr.io
4942,avito.ru
4943,delawareonline.com
4944,google.co.ma
4945,silive.com
4946,kingcounty.gov
4947,gmpg.org
4948,google.ge
4949,thelocal.de
4950,stereogum.com
4951,finextra.com
4952,skift.com
4953,mun.ca
4954,copyscape.com
4955,ny1.com
4956,google.com.sv
4957,wmagazine.com
4958,chipotle.com
4959,cyol.com
4960,recreation.gov
4961,mathsisfun.com
4962,16personalities.com
4963,ccn.com
4964,embedly.com
4965,mpaa.org
4966,google.com.kh
4967,bjx.com.cn
4968,snap.com
4969,fashionista.com
4970,apartments.com
4971,retaildive.com
4972,doityourself.com
4973,atw.hu
4974,createspace.com
4975,nea.org
4976,appannie.com
4977,coolors.co
4978,providencejournal.com
4979,axs.com
4980,city.ac.uk
4981,hi-ho.ne.jp
4982,israelnightclub.com
4983,matadornetwork.com
4984,cycling74.com
4985,google.com.lb
4986,strath.ac.uk
4987,jcrew.com
4988,shazam.com
4989,google.com.jm
4990,expansion.com
4991,mediabistro.com
4992,avid.com
4993,royalcaribbean.com
4994,phoenixnewtimes.com
4995,redcrossblood.org
4996,scotusblog.com
4997,skyscrapercity.com
4998,decrypt.co
4999,epo.org
5000,literatureessaysamples.com